SEASON,START_YEAR,TEAM_ID,TEAM_NAME,ACTUAL_GP,ACTUAL_W,ACTUAL_W_PCT,PREV_SEASON,PREV_W_PCT,PREV_OFF_RATING,PREV_DEF_RATING,PREV_NET_RATING,PREV_PACE,PREV_EFG_PCT,PREV_TS_PCT,PREV_TM_TOV_PCT,PREV_OREB_PCT,ACTUAL_MADE_PLAYOFFS,ACTUAL_SERIES_WON,ACTUAL_CONF_FINALS,ACTUAL_FINALS,ACTUAL_CHAMPION
2011-12,2011,1610612737,Atlanta Hawks,66,40,0.606,2010-11,0.537,105.1,105.8,-0.7,90.22,0.501,0.542,0.151,0.274,1,0,0,0,0
2011-12,2011,1610612738,Boston Celtics,66,39,0.591,2010-11,0.683,105.5,99.8,5.7,90.92,0.519,0.561,0.159,0.257,1,2,1,0,0
2011-12,2011,1610612739,Cleveland Cavaliers,66,21,0.318,2010-11,0.232,101.5,110.9,-9.5,93.76,0.472,0.518,0.151,0.283,0,0,0,0,0
2011-12,2011,1610612740,New Orleans Hornets,66,21,0.318,2010-11,0.561,105.4,104.4,1.0,89.4,0.493,0.537,0.145,0.289,0,0,0,0,0
2011-12,2011,1610612741,Chicago Bulls,66,50,0.758,2010-11,0.756,107.2,99.5,7.8,91.2,0.501,0.541,0.154,0.332,1,0,0,0,0
2011-12,2011,1610612742,Dallas Mavericks,66,36,0.545,2010-11,0.695,108.4,104.1,4.4,92.24,0.525,0.565,0.151,0.278,1,0,0,0,0
2011-12,2011,1610612743,Denver Nuggets,66,38,0.576,2010-11,0.61,111.7,106.8,4.9,96.06,0.526,0.574,0.147,0.283,1,0,0,0,0
2011-12,2011,1610612744,Golden State Warriors,66,23,0.348,2010-11,0.439,107.1,109.4,-2.3,95.85,0.51,0.544,0.151,0.3,0,0,0,0,0
2011-12,2011,1610612745,Houston Rockets,66,34,0.515,2010-11,0.524,110.2,107.9,2.3,95.14,0.503,0.55,0.141,0.315,0,0,0,0,0
2011-12,2011,1610612746,Los Angeles Clippers,66,40,0.606,2010-11,0.39,104.8,108.0,-3.2,93.35,0.496,0.535,0.174,0.33,1,1,0,0,0
2011-12,2011,1610612747,Los Angeles Lakers,66,41,0.621,2010-11,0.695,109.6,103.3,6.3,91.78,0.502,0.545,0.141,0.325,1,1,0,0,0
2011-12,2011,1610612748,Miami Heat,66,46,0.697,2010-11,0.707,110.6,102.9,7.8,91.63,0.524,0.573,0.151,0.287,1,4,1,1,1
2011-12,2011,1610612749,Milwaukee Bucks,66,31,0.47,2010-11,0.427,100.8,101.5,-0.8,90.57,0.467,0.511,0.148,0.287,0,0,0,0,0
2011-12,2011,1610612750,Minnesota Timberwolves,66,26,0.394,2010-11,0.207,103.2,109.9,-6.7,97.49,0.483,0.526,0.174,0.336,0,0,0,0,0
2011-12,2011,1610612751,New Jersey Nets,66,22,0.333,2010-11,0.293,102.1,108.9,-6.8,90.7,0.474,0.517,0.152,0.304,0,0,0,0,0
2011-12,2011,1610612752,New York Knicks,66,36,0.545,2010-11,0.512,109.9,109.0,1.0,96.47,0.513,0.561,0.141,0.273,1,0,0,0,0
2011-12,2011,1610612753,Orlando Magic,66,37,0.561,2010-11,0.634,107.4,101.8,5.6,91.55,0.521,0.554,0.162,0.304,1,0,0,0,0
2011-12,2011,1610612754,Indiana Pacers,66,42,0.636,2010-11,0.451,104.1,105.0,-0.9,95.5,0.486,0.533,0.16,0.297,1,1,0,0,0
2011-12,2011,1610612755,Philadelphia 76ers,66,35,0.53,2010-11,0.5,105.3,103.8,1.5,92.78,0.494,0.535,0.138,0.278,1,1,0,0,0
2011-12,2011,1610612756,Phoenix Suns,66,33,0.5,2010-11,0.488,108.6,109.4,-0.8,95.18,0.522,0.559,0.147,0.275,0,0,0,0,0
2011-12,2011,1610612757,Portland Trail Blazers,66,28,0.424,2010-11,0.585,107.3,105.7,1.6,89.13,0.486,0.533,0.145,0.331,0,0,0,0,0
2011-12,2011,1610612758,Sacramento Kings,66,22,0.333,2010-11,0.293,102.9,108.4,-5.5,95.76,0.48,0.519,0.167,0.334,0,0,0,0,0
2011-12,2011,1610612759,San Antonio Spurs,66,50,0.758,2010-11,0.744,110.5,104.4,6.1,93.34,0.527,0.567,0.143,0.276,1,2,1,0,0
2011-12,2011,1610612760,Oklahoma City Thunder,66,47,0.712,2010-11,0.671,109.9,105.9,3.9,93.84,0.501,0.561,0.148,0.306,1,3,1,1,0
2011-12,2011,1610612761,Toronto Raptors,66,23,0.348,2010-11,0.268,105.2,111.7,-6.5,93.78,0.491,0.533,0.156,0.314,0,0,0,0,0
2011-12,2011,1610612762,Utah Jazz,66,36,0.545,2010-11,0.476,107.0,108.8,-1.8,92.03,0.498,0.544,0.154,0.314,1,0,0,0,0
2011-12,2011,1610612763,Memphis Grizzlies,66,41,0.621,2010-11,0.561,107.0,104.5,2.5,92.42,0.493,0.534,0.15,0.333,1,0,0,0,0
2011-12,2011,1610612764,Washington Wizards,66,20,0.303,2010-11,0.28,101.3,109.1,-7.8,94.76,0.471,0.513,0.16,0.317,0,0,0,0,0
2011-12,2011,1610612765,Detroit Pistons,66,25,0.379,2010-11,0.366,107.0,110.7,-3.7,89.79,0.495,0.533,0.144,0.317,0,0,0,0,0
2011-12,2011,1610612766,Charlotte Bobcats,66,7,0.106,2010-11,0.415,102.8,107.0,-4.2,90.3,0.482,0.528,0.16,0.298,0,0,0,0,0
2012-13,2012,1610612737,Atlanta Hawks,82,44,0.537,2011-12,0.606,104.2,100.4,3.8,90.88,0.5,0.535,0.151,0.279,1,0,0,0,0
2012-13,2012,1610612738,Boston Celtics,81,41,0.506,2011-12,0.591,100.1,97.5,2.6,91.11,0.496,0.535,0.162,0.245,1,0,0,0,0
2012-13,2012,1610612739,Cleveland Cavaliers,82,24,0.293,2011-12,0.318,100.0,107.6,-7.6,92.34,0.463,0.505,0.166,0.323,0,0,0,0,0
2012-13,2012,1610612740,New Orleans Hornets,82,27,0.329,2011-12,0.318,99.9,103.9,-4.0,89.27,0.476,0.517,0.173,0.31,0,0,0,0,0
2012-13,2012,1610612741,Chicago Bulls,82,45,0.549,2011-12,0.758,106.3,97.5,8.8,89.98,0.49,0.523,0.154,0.361,1,1,0,0,0
2012-13,2012,1610612742,Dallas Mavericks,82,41,0.5,2011-12,0.545,102.1,100.9,1.1,92.61,0.489,0.527,0.149,0.268,0,0,0,0,0
2012-13,2012,1610612743,Denver Nuggets,82,57,0.695,2011-12,0.576,108.3,105.1,3.2,95.03,0.516,0.556,0.16,0.316,1,0,0,0,0
2012-13,2012,1610612744,Golden State Warriors,82,47,0.573,2011-12,0.348,103.9,107.3,-3.4,93.78,0.505,0.539,0.147,0.256,1,1,0,0,0
2012-13,2012,1610612745,Houston Rockets,82,45,0.549,2011-12,0.515,104.2,104.0,0.2,92.82,0.492,0.529,0.154,0.309,1,0,0,0,0
2012-13,2012,1610612746,Los Angeles Clippers,82,56,0.683,2011-12,0.606,107.5,104.8,2.7,89.98,0.502,0.533,0.147,0.331,1,0,0,0,0
2012-13,2012,1610612747,Los Angeles Lakers,82,45,0.549,2011-12,0.621,104.5,103.2,1.3,91.72,0.491,0.534,0.162,0.327,1,0,0,0,0
2012-13,2012,1610612748,Miami Heat,82,66,0.805,2011-12,0.697,105.6,99.2,6.4,92.07,0.505,0.549,0.163,0.299,1,4,1,1,1
2012-13,2012,1610612749,Milwaukee Bucks,82,38,0.463,2011-12,0.47,104.5,104.1,0.4,94.68,0.481,0.521,0.148,0.314,1,0,0,0,0
2012-13,2012,1610612750,Minnesota Timberwolves,82,31,0.378,2011-12,0.394,103.1,105.3,-2.2,94.44,0.477,0.524,0.16,0.311,0,0,0,0,0
2012-13,2012,1610612751,Brooklyn Nets,82,49,0.598,2011-12,0.333,101.8,108.1,-6.3,91.26,0.473,0.516,0.165,0.314,1,0,0,0,0
2012-13,2012,1610612752,New York Knicks,82,54,0.659,2011-12,0.545,103.5,100.2,3.2,93.91,0.492,0.533,0.169,0.309,1,1,0,0,0
2012-13,2012,1610612753,Orlando Magic,82,20,0.244,2011-12,0.561,104.0,103.4,0.6,89.75,0.506,0.533,0.165,0.306,0,0,0,0,0
2012-13,2012,1610612754,Indiana Pacers,81,49,0.605,2011-12,0.636,105.5,102.1,3.3,91.68,0.474,0.526,0.151,0.333,1,2,1,0,0
2012-13,2012,1610612755,Philadelphia 76ers,82,34,0.415,2011-12,0.53,102.7,98.2,4.6,90.68,0.48,0.511,0.123,0.277,0,0,0,0,0
2012-13,2012,1610612756,Phoenix Suns,82,25,0.305,2011-12,0.5,105.2,105.2,-0.1,93.61,0.499,0.536,0.15,0.294,0,0,0,0,0
2012-13,2012,1610612757,Portland Trail Blazers,82,33,0.402,2011-12,0.424,104.4,105.3,-0.9,92.24,0.488,0.531,0.152,0.303,0,0,0,0,0
2012-13,2012,1610612758,Sacramento Kings,82,28,0.341,2011-12,0.333,102.9,108.7,-5.8,95.56,0.472,0.51,0.15,0.321,0,0,0,0,0
2012-13,2012,1610612759,San Antonio Spurs,82,58,0.707,2011-12,0.758,110.0,102.3,7.7,93.67,0.528,0.562,0.144,0.282,1,3,1,1,0
2012-13,2012,1610612760,Oklahoma City Thunder,82,60,0.732,2011-12,0.712,108.4,102.1,6.3,94.11,0.516,0.567,0.172,0.304,1,1,0,0,0
2012-13,2012,1610612761,Toronto Raptors,82,34,0.415,2011-12,0.348,99.6,103.6,-3.9,90.19,0.475,0.518,0.167,0.294,0,0,0,0,0
2012-13,2012,1610612762,Utah Jazz,82,43,0.524,2011-12,0.545,105.5,104.9,0.5,92.53,0.481,0.525,0.15,0.34,0,0,0,0,0
2012-13,2012,1610612763,Memphis Grizzlies,82,56,0.683,2011-12,0.621,102.8,100.6,2.2,91.82,0.473,0.515,0.157,0.335,1,2,1,0,0
2012-13,2012,1610612764,Washington Wizards,82,29,0.354,2011-12,0.303,100.0,104.9,-5.0,93.59,0.472,0.508,0.163,0.308,0,0,0,0,0
2012-13,2012,1610612765,Detroit Pistons,82,29,0.354,2011-12,0.379,100.0,105.0,-5.0,90.31,0.468,0.51,0.172,0.322,0,0,0,0,0
2012-13,2012,1610612766,Charlotte Bobcats,82,21,0.256,2011-12,0.106,94.4,109.4,-15.0,91.86,0.439,0.483,0.157,0.285,0,0,0,0,0
2013-14,2013,1610612737,Atlanta Hawks,82,38,0.463,2012-13,0.537,103.7,103.4,0.3,93.56,0.517,0.546,0.157,0.254,1,0,0,0,0
2013-14,2013,1610612738,Boston Celtics,82,25,0.305,2012-13,0.506,102.2,102.6,-0.5,92.46,0.503,0.542,0.154,0.246,0,0,0,0,0
2013-14,2013,1610612739,Cleveland Cavaliers,82,33,0.402,2012-13,0.293,103.2,108.2,-5.0,93.25,0.473,0.514,0.15,0.326,0,0,0,0,0
2013-14,2013,1610612740,New Orleans Pelicans,82,34,0.415,2012-13,0.329,104.5,108.9,-4.4,89.5,0.489,0.528,0.162,0.332,0,0,0,0,0
2013-14,2013,1610612741,Chicago Bulls,82,48,0.585,2012-13,0.549,102.4,101.9,0.5,90.35,0.47,0.512,0.157,0.332,1,0,0,0,0
2013-14,2013,1610612742,Dallas Mavericks,82,49,0.598,2012-13,0.5,104.7,105.4,-0.6,95.09,0.506,0.544,0.144,0.259,1,0,0,0,0
2013-14,2013,1610612743,Denver Nuggets,82,36,0.439,2012-13,0.695,109.3,104.2,5.1,95.92,0.515,0.549,0.157,0.345,0,0,0,0,0
2013-14,2013,1610612744,Golden State Warriors,82,51,0.622,2012-13,0.573,105.1,104.2,0.9,95.64,0.506,0.545,0.157,0.285,1,0,0,0,0
2013-14,2013,1610612745,Houston Rockets,82,54,0.659,2012-13,0.549,108.8,105.3,3.5,96.89,0.525,0.564,0.169,0.305,1,0,0,0,0
2013-14,2013,1610612746,Los Angeles Clippers,82,57,0.695,2012-13,0.683,109.8,102.8,6.9,91.83,0.526,0.557,0.159,0.323,1,1,0,0,0
2013-14,2013,1610612747,Los Angeles Lakers,82,27,0.329,2012-13,0.549,107.0,105.9,1.1,95.08,0.512,0.548,0.157,0.309,0,0,0,0,0
2013-14,2013,1610612748,Miami Heat,82,54,0.659,2012-13,0.805,111.4,103.2,8.2,91.26,0.552,0.588,0.151,0.264,1,3,1,1,0
2013-14,2013,1610612749,Milwaukee Bucks,82,15,0.183,2012-13,0.463,102.5,104.2,-1.7,95.65,0.476,0.51,0.146,0.315,0,0,0,0,0
2013-14,2013,1610612750,Minnesota Timberwolves,82,40,0.488,2012-13,0.378,101.8,104.0,-2.2,93.94,0.473,0.516,0.157,0.312,0,0,0,0,0
2013-14,2013,1610612751,Brooklyn Nets,82,44,0.537,2012-13,0.598,106.9,104.8,2.0,89.88,0.498,0.536,0.162,0.343,1,1,0,0,0
2013-14,2013,1610612752,New York Knicks,82,37,0.451,2012-13,0.659,109.8,105.4,4.5,90.68,0.515,0.55,0.132,0.291,0,0,0,0,0
2013-14,2013,1610612753,Orlando Magic,82,23,0.28,2012-13,0.244,100.9,108.4,-7.4,92.81,0.485,0.514,0.156,0.293,0,0,0,0,0
2013-14,2013,1610612754,Indiana Pacers,82,56,0.683,2012-13,0.605,103.4,99.0,4.4,90.9,0.479,0.521,0.165,0.336,1,2,1,0,0
2013-14,2013,1610612755,Philadelphia 76ers,82,19,0.232,2012-13,0.415,101.0,104.7,-3.7,91.88,0.481,0.509,0.141,0.291,0,0,0,0,0
2013-14,2013,1610612756,Phoenix Suns,82,48,0.585,2012-13,0.305,100.2,106.9,-6.7,94.48,0.477,0.512,0.164,0.308,0,0,0,0,0
2013-14,2013,1610612757,Portland Trail Blazers,82,54,0.659,2012-13,0.402,104.5,107.9,-3.4,92.46,0.498,0.536,0.157,0.294,1,1,0,0,0
2013-14,2013,1610612758,Sacramento Kings,82,28,0.341,2012-13,0.341,105.3,110.0,-4.7,94.65,0.491,0.532,0.154,0.306,0,0,0,0,0
2013-14,2013,1610612759,San Antonio Spurs,82,62,0.756,2012-13,0.707,107.0,100.3,6.7,95.31,0.531,0.568,0.153,0.243,1,4,1,1,1
2013-14,2013,1610612760,Oklahoma City Thunder,82,59,0.72,2012-13,0.732,111.0,101.2,9.9,94.58,0.527,0.58,0.16,0.291,1,2,1,0,0
2013-14,2013,1610612761,Toronto Raptors,82,48,0.585,2012-13,0.415,105.0,106.4,-1.4,91.26,0.488,0.532,0.148,0.296,1,0,0,0,0
2013-14,2013,1610612762,Utah Jazz,82,25,0.305,2012-13,0.524,105.4,105.6,-0.2,92.05,0.492,0.533,0.159,0.329,0,0,0,0,0
2013-14,2013,1610612763,Memphis Grizzlies,82,50,0.61,2012-13,0.683,103.6,99.1,4.5,89.56,0.472,0.514,0.155,0.344,1,0,0,0,0
2013-14,2013,1610612764,Washington Wizards,82,44,0.537,2012-13,0.354,99.3,101.6,-2.3,93.23,0.475,0.512,0.161,0.279,1,1,0,0,0
2013-14,2013,1610612765,Detroit Pistons,82,29,0.354,2012-13,0.354,102.7,107.2,-4.5,91.68,0.487,0.521,0.164,0.324,0,0,0,0,0
2013-14,2013,1610612766,Charlotte Bobcats,82,43,0.524,2012-13,0.256,100.4,110.3,-9.9,92.49,0.46,0.507,0.151,0.305,1,0,0,0,0
2014-15,2014,1610612737,Atlanta Hawks,82,60,0.732,2013-14,0.463,104.9,105.7,-0.7,95.41,0.515,0.554,0.159,0.256,1,2,1,0,0
2014-15,2014,1610612738,Boston Celtics,82,40,0.488,2013-14,0.305,101.9,106.5,-4.6,94.28,0.477,0.517,0.163,0.314,1,0,0,0,0
2014-15,2014,1610612739,Cleveland Cavaliers,82,53,0.646,2013-14,0.402,103.5,107.0,-3.6,93.69,0.479,0.518,0.149,0.314,1,3,1,1,0
2014-15,2014,1610612740,New Orleans Pelicans,82,45,0.549,2013-14,0.415,106.2,109.1,-3.0,93.07,0.495,0.537,0.147,0.305,1,0,0,0,0
2014-15,2014,1610612741,Chicago Bulls,82,50,0.61,2013-14,0.585,101.7,99.9,1.9,90.84,0.471,0.518,0.162,0.321,1,1,0,0,0
2014-15,2014,1610612742,Dallas Mavericks,82,50,0.61,2013-14,0.598,109.5,107.2,2.3,94.94,0.526,0.564,0.141,0.276,1,0,0,0,0
2014-15,2014,1610612743,Denver Nuggets,82,30,0.366,2013-14,0.439,105.1,107.3,-2.2,98.95,0.497,0.536,0.16,0.31,0,0,0,0,0
2014-15,2014,1610612744,Golden State Warriors,82,67,0.817,2013-14,0.622,106.3,101.4,4.9,97.37,0.517,0.55,0.155,0.284,1,4,1,1,1
2014-15,2014,1610612745,Houston Rockets,82,56,0.683,2013-14,0.659,109.8,105.2,4.6,97.27,0.531,0.571,0.165,0.306,1,2,1,0,0
2014-15,2014,1610612746,Los Angeles Clippers,82,56,0.683,2013-14,0.695,111.3,104.0,7.3,96.66,0.526,0.567,0.143,0.288,1,1,0,0,0
2014-15,2014,1610612747,Los Angeles Lakers,82,21,0.256,2013-14,0.329,103.2,109.3,-6.0,99.72,0.505,0.542,0.152,0.235,0,0,0,0,0
2014-15,2014,1610612748,Miami Heat,82,37,0.451,2013-14,0.659,110.0,105.0,5.1,91.9,0.554,0.59,0.159,0.244,0,0,0,0,0
2014-15,2014,1610612749,Milwaukee Bucks,82,41,0.5,2013-14,0.183,101.9,110.2,-8.3,92.96,0.479,0.519,0.161,0.31,1,0,0,0,0
2014-15,2014,1610612750,Minnesota Timberwolves,82,16,0.195,2013-14,0.488,107.7,105.2,2.6,98.33,0.486,0.535,0.14,0.317,0,0,0,0,0
2014-15,2014,1610612751,Brooklyn Nets,82,38,0.463,2013-14,0.537,105.4,106.7,-1.3,92.42,0.514,0.555,0.155,0.26,1,0,0,0,0
2014-15,2014,1610612752,New York Knicks,82,17,0.207,2013-14,0.451,107.0,108.1,-1.1,91.24,0.505,0.541,0.141,0.291,0,0,0,0,0
2014-15,2014,1610612753,Orlando Magic,82,25,0.305,2013-14,0.28,101.0,106.6,-5.7,94.27,0.487,0.525,0.156,0.267,0,0,0,0,0
2014-15,2014,1610612754,Indiana Pacers,82,38,0.463,2013-14,0.683,103.6,98.9,4.7,92.89,0.49,0.535,0.162,0.296,0,0,0,0,0
2014-15,2014,1610612755,Philadelphia 76ers,82,18,0.22,2013-14,0.232,99.0,109.0,-10.0,99.74,0.475,0.51,0.168,0.29,0,0,0,0,0
2014-15,2014,1610612756,Phoenix Suns,82,39,0.476,2013-14,0.585,108.2,105.6,2.6,96.83,0.519,0.558,0.158,0.298,0,0,0,0,0
2014-15,2014,1610612757,Portland Trail Blazers,82,51,0.622,2013-14,0.659,110.4,106.2,4.2,95.9,0.504,0.548,0.142,0.32,1,0,0,0,0
2014-15,2014,1610612758,Sacramento Kings,82,29,0.354,2013-14,0.341,105.1,107.8,-2.7,95.04,0.484,0.532,0.159,0.316,0,0,0,0,0
2014-15,2014,1610612759,San Antonio Spurs,82,55,0.671,2013-14,0.756,109.5,101.4,8.1,95.87,0.537,0.571,0.15,0.261,1,0,0,0,0
2014-15,2014,1610612760,Oklahoma City Thunder,82,45,0.549,2013-14,0.72,109.4,103.0,6.4,96.33,0.52,0.566,0.158,0.294,0,0,0,0,0
2014-15,2014,1610612761,Toronto Raptors,82,49,0.598,2013-14,0.585,107.9,104.6,3.3,92.48,0.498,0.545,0.151,0.312,1,0,0,0,0
2014-15,2014,1610612762,Utah Jazz,82,38,0.463,2013-14,0.305,102.4,110.1,-7.6,92.32,0.484,0.523,0.158,0.297,0,0,0,0,0
2014-15,2014,1610612763,Memphis Grizzlies,82,55,0.671,2013-14,0.61,105.5,103.8,1.7,90.58,0.494,0.529,0.15,0.326,1,1,0,0,0
2014-15,2014,1610612764,Washington Wizards,82,46,0.561,2013-14,0.537,104.9,103.6,1.3,94.18,0.506,0.538,0.153,0.286,1,1,0,0,0
2014-15,2014,1610612765,Detroit Pistons,82,32,0.39,2013-14,0.354,105.2,109.0,-3.7,95.57,0.482,0.514,0.152,0.347,0,0,0,0,0
2014-15,2014,1610612766,Charlotte Hornets,82,33,0.402,2013-14,0.524,103.0,103.3,-0.4,92.93,0.481,0.522,0.131,0.269,0,0,0,0,0
2015-16,2015,1610612737,Atlanta Hawks,82,48,0.585,2014-15,0.732,108.2,102.3,5.9,94.66,0.527,0.563,0.15,0.264,1,1,0,0,0
2015-16,2015,1610612738,Boston Celtics,82,48,0.585,2014-15,0.488,103.8,103.5,0.3,96.71,0.489,0.523,0.142,0.289,1,0,0,0,0
2015-16,2015,1610612739,Cleveland Cavaliers,82,57,0.695,2014-15,0.646,110.1,105.3,4.8,93.23,0.52,0.557,0.152,0.311,1,4,1,1,1
2015-16,2015,1610612740,New Orleans Pelicans,82,30,0.366,2014-15,0.549,107.1,106.3,0.8,92.29,0.501,0.537,0.143,0.309,0,0,0,0,0
2015-16,2015,1610612741,Chicago Bulls,82,42,0.512,2014-15,0.61,106.3,103.3,3.0,93.8,0.489,0.536,0.147,0.312,0,0,0,0,0
2015-16,2015,1610612742,Dallas Mavericks,82,42,0.512,2014-15,0.61,108.2,104.9,3.2,96.4,0.515,0.55,0.133,0.269,1,0,0,0,0
2015-16,2015,1610612743,Denver Nuggets,82,33,0.402,2014-15,0.366,103.9,107.1,-3.3,96.87,0.479,0.518,0.146,0.303,0,0,0,0,0
2015-16,2015,1610612744,Golden State Warriors,82,73,0.89,2014-15,0.817,110.4,100.4,9.9,99.28,0.54,0.571,0.145,0.273,1,3,1,1,0
2015-16,2015,1610612745,Houston Rockets,82,41,0.5,2014-15,0.683,106.0,102.6,3.4,97.36,0.512,0.548,0.17,0.305,1,0,0,0,0
2015-16,2015,1610612746,LA Clippers,82,53,0.646,2014-15,0.683,111.6,104.7,6.9,95.4,0.533,0.565,0.129,0.272,1,0,0,0,0
2015-16,2015,1610612747,Los Angeles Lakers,82,17,0.207,2014-15,0.256,102.3,109.4,-7.1,95.03,0.473,0.513,0.138,0.29,0,0,0,0,0
2015-16,2015,1610612748,Miami Heat,82,48,0.585,2014-15,0.451,103.2,106.1,-3.0,91.49,0.5,0.54,0.161,0.284,1,1,0,0,0
2015-16,2015,1610612749,Milwaukee Bucks,82,33,0.402,2014-15,0.5,102.0,101.4,0.6,94.82,0.499,0.536,0.175,0.29,0,0,0,0,0
2015-16,2015,1610612750,Minnesota Timberwolves,82,29,0.354,2014-15,0.195,101.8,110.9,-9.1,95.45,0.468,0.517,0.156,0.311,0,0,0,0,0
2015-16,2015,1610612751,Brooklyn Nets,82,21,0.256,2014-15,0.463,103.4,106.3,-3.0,93.69,0.491,0.529,0.146,0.278,0,0,0,0,0
2015-16,2015,1610612752,New York Knicks,82,32,0.39,2014-15,0.207,98.9,109.0,-10.1,92.06,0.47,0.508,0.158,0.289,0,0,0,0,0
2015-16,2015,1610612753,Orlando Magic,82,35,0.427,2014-15,0.305,101.0,106.8,-5.9,94.51,0.494,0.524,0.157,0.269,0,0,0,0,0
2015-16,2015,1610612754,Indiana Pacers,82,45,0.549,2014-15,0.463,102.9,102.7,0.2,93.67,0.484,0.523,0.148,0.286,1,0,0,0,0
2015-16,2015,1610612755,Philadelphia 76ers,82,10,0.122,2014-15,0.22,94.9,103.9,-9.0,96.45,0.459,0.494,0.183,0.293,0,0,0,0,0
2015-16,2015,1610612756,Phoenix Suns,82,23,0.28,2014-15,0.476,104.2,105.3,-1.1,97.2,0.501,0.537,0.154,0.281,0,0,0,0,0
2015-16,2015,1610612757,Portland Trail Blazers,82,44,0.537,2014-15,0.622,107.1,102.8,4.3,95.06,0.508,0.544,0.142,0.282,1,1,0,0,0
2015-16,2015,1610612758,Sacramento Kings,82,33,0.402,2014-15,0.354,104.5,108.2,-3.7,96.16,0.49,0.542,0.168,0.313,0,0,0,0,0
2015-16,2015,1610612759,San Antonio Spurs,82,67,0.817,2014-15,0.671,107.6,101.4,6.3,94.45,0.517,0.555,0.146,0.272,1,1,0,0,0
2015-16,2015,1610612760,Oklahoma City Thunder,82,55,0.671,2014-15,0.549,106.7,104.6,2.1,96.61,0.492,0.532,0.151,0.318,1,2,1,0,0
2015-16,2015,1610612761,Toronto Raptors,82,56,0.683,2014-15,0.598,110.2,107.1,3.1,93.46,0.508,0.553,0.137,0.301,1,2,1,0,0
2015-16,2015,1610612762,Utah Jazz,82,40,0.488,2014-15,0.463,104.2,104.1,0.1,91.1,0.494,0.531,0.168,0.332,0,0,0,0,0
2015-16,2015,1610612763,Memphis Grizzlies,82,42,0.512,2014-15,0.671,104.8,101.2,3.5,92.82,0.489,0.531,0.142,0.288,1,0,0,0,0
2015-16,2015,1610612764,Washington Wizards,82,41,0.5,2014-15,0.561,103.0,102.4,0.6,94.29,0.499,0.534,0.157,0.288,0,0,0,0,0
2015-16,2015,1610612765,Detroit Pistons,82,44,0.537,2014-15,0.39,104.3,105.4,-1.1,93.68,0.482,0.515,0.142,0.316,1,0,0,0,0
2015-16,2015,1610612766,Charlotte Hornets,82,48,0.585,2014-15,0.402,99.6,103.0,-3.4,93.45,0.456,0.498,0.126,0.27,1,0,0,0,0
2016-17,2016,1610612737,Atlanta Hawks,82,43,0.524,2015-16,0.585,104.6,100.8,3.9,97.63,0.516,0.552,0.152,0.234,1,0,0,0,0
2016-17,2016,1610612738,Boston Celtics,82,53,0.646,2015-16,0.585,105.8,102.5,3.3,99.43,0.488,0.531,0.138,0.29,1,2,1,0,0
2016-17,2016,1610612739,Cleveland Cavaliers,82,51,0.622,2015-16,0.695,110.2,103.9,6.3,93.82,0.524,0.558,0.143,0.294,1,3,1,1,0
2016-17,2016,1610612740,New Orleans Pelicans,82,34,0.415,2015-16,0.366,104.8,108.4,-3.7,97.64,0.498,0.537,0.137,0.252,0,0,0,0,0
2016-17,2016,1610612741,Chicago Bulls,82,41,0.5,2015-16,0.512,104.1,105.5,-1.4,96.6,0.487,0.526,0.142,0.29,1,0,0,0,0
2016-17,2016,1610612742,Dallas Mavericks,82,33,0.402,2015-16,0.512,105.5,105.9,-0.4,95.34,0.502,0.544,0.132,0.241,0,0,0,0,0
2016-17,2016,1610612743,Denver Nuggets,82,40,0.488,2015-16,0.402,104.9,108.2,-3.3,96.34,0.489,0.531,0.151,0.304,0,0,0,0,0
2016-17,2016,1610612744,Golden State Warriors,82,67,0.817,2015-16,0.89,113.5,102.8,10.6,100.24,0.563,0.593,0.15,0.267,1,4,1,1,1
2016-17,2016,1610612745,Houston Rockets,82,55,0.671,2015-16,0.5,107.3,107.3,0.0,98.42,0.516,0.553,0.161,0.297,1,1,0,0,0
2016-17,2016,1610612746,LA Clippers,82,51,0.622,2015-16,0.646,107.2,102.7,4.5,96.81,0.524,0.556,0.133,0.234,1,0,0,0,0
2016-17,2016,1610612747,Los Angeles Lakers,82,26,0.317,2015-16,0.207,100.7,110.3,-9.7,96.55,0.46,0.509,0.142,0.271,0,0,0,0,0
2016-17,2016,1610612748,Miami Heat,82,41,0.5,2015-16,0.585,105.5,103.7,1.7,94.14,0.508,0.545,0.148,0.28,0,0,0,0,0
2016-17,2016,1610612749,Milwaukee Bucks,82,42,0.512,2015-16,0.402,103.4,107.8,-4.5,95.05,0.499,0.537,0.159,0.286,1,0,0,0,0
2016-17,2016,1610612750,Minnesota Timberwolves,82,31,0.378,2015-16,0.354,105.4,109.0,-3.5,96.2,0.498,0.549,0.155,0.279,0,0,0,0,0
2016-17,2016,1610612751,Brooklyn Nets,82,20,0.244,2015-16,0.256,102.4,109.7,-7.4,96.12,0.492,0.527,0.153,0.279,0,0,0,0,0
2016-17,2016,1610612752,New York Knicks,82,31,0.378,2015-16,0.39,103.9,106.7,-2.8,94.12,0.483,0.527,0.142,0.28,0,0,0,0,0
2016-17,2016,1610612753,Orlando Magic,82,29,0.354,2015-16,0.427,104.4,106.0,-1.6,96.68,0.5,0.533,0.144,0.271,0,0,0,0,0
2016-17,2016,1610612754,Indiana Pacers,82,42,0.512,2015-16,0.549,103.8,102.2,1.6,97.35,0.497,0.536,0.151,0.271,1,0,0,0,0
2016-17,2016,1610612755,Philadelphia 76ers,82,28,0.341,2015-16,0.122,98.4,108.6,-10.2,98.44,0.487,0.519,0.165,0.25,0,0,0,0,0
2016-17,2016,1610612756,Phoenix Suns,82,24,0.293,2015-16,0.28,101.5,107.9,-6.5,99.39,0.487,0.526,0.173,0.297,0,0,0,0,0
2016-17,2016,1610612757,Portland Trail Blazers,82,41,0.5,2015-16,0.537,107.6,106.8,0.8,97.06,0.511,0.548,0.15,0.294,1,0,0,0,0
2016-17,2016,1610612758,Sacramento Kings,82,32,0.39,2015-16,0.402,105.3,107.6,-2.3,100.66,0.51,0.546,0.16,0.281,0,0,0,0,0
2016-17,2016,1610612759,San Antonio Spurs,82,61,0.744,2015-16,0.817,109.3,98.2,11.1,94.54,0.526,0.564,0.138,0.266,1,2,1,0,0
2016-17,2016,1610612760,Oklahoma City Thunder,82,47,0.573,2015-16,0.671,112.1,104.8,7.4,97.54,0.524,0.565,0.162,0.347,1,0,0,0,0
2016-17,2016,1610612761,Toronto Raptors,82,51,0.622,2015-16,0.683,109.3,104.8,4.4,93.35,0.504,0.552,0.139,0.3,1,1,0,0,0
2016-17,2016,1610612762,Utah Jazz,82,51,0.622,2015-16,0.488,105.0,103.2,1.8,91.66,0.501,0.54,0.161,0.303,1,1,0,0,0
2016-17,2016,1610612763,Memphis Grizzlies,82,43,0.524,2015-16,0.512,104.7,107.1,-2.4,93.95,0.477,0.524,0.14,0.298,1,0,0,0,0
2016-17,2016,1610612764,Washington Wizards,82,49,0.598,2015-16,0.5,104.5,105.1,-0.5,99.16,0.511,0.544,0.145,0.25,1,1,0,0,0
2016-17,2016,1610612765,Detroit Pistons,82,37,0.451,2015-16,0.537,105.3,104.9,0.3,95.75,0.491,0.522,0.14,0.313,0,0,0,0,0
2016-17,2016,1610612766,Charlotte Hornets,82,36,0.439,2015-16,0.585,106.4,103.7,2.7,96.24,0.502,0.545,0.129,0.244,0,0,0,0,0
2017-18,2017,1610612737,Atlanta Hawks,82,24,0.293,2016-17,0.524,104.5,105.2,-0.7,97.76,0.504,0.541,0.16,0.282,0,0,0,0,0
2017-18,2017,1610612738,Boston Celtics,82,55,0.671,2016-17,0.646,110.6,108.0,2.6,97.21,0.525,0.567,0.136,0.259,1,2,1,0,0
2017-18,2017,1610612739,Cleveland Cavaliers,82,50,0.61,2016-17,0.622,112.8,109.7,3.1,96.74,0.547,0.58,0.14,0.264,1,3,1,1,0
2017-18,2017,1610612740,New Orleans Pelicans,82,48,0.585,2016-17,0.415,104.7,106.8,-2.1,98.56,0.504,0.539,0.129,0.228,1,1,0,0,0
2017-18,2017,1610612741,Chicago Bulls,82,27,0.329,2016-17,0.5,106.5,106.2,0.3,96.02,0.487,0.53,0.14,0.311,0,0,0,0,0
2017-18,2017,1610612742,Dallas Mavericks,82,24,0.293,2016-17,0.402,104.7,107.7,-3.0,93.11,0.505,0.541,0.127,0.216,0,0,0,0,0
2017-18,2017,1610612743,Denver Nuggets,82,46,0.561,2016-17,0.488,112.2,111.7,0.4,99.18,0.53,0.568,0.15,0.314,0,0,0,0,0
2017-18,2017,1610612744,Golden State Warriors,82,58,0.707,2016-17,0.817,114.8,103.4,11.4,100.37,0.563,0.597,0.146,0.272,1,4,1,1,1
2017-18,2017,1610612745,Houston Rockets,82,65,0.793,2016-17,0.671,114.1,108.4,5.7,100.55,0.545,0.583,0.15,0.281,1,2,1,0,0
2017-18,2017,1610612746,LA Clippers,82,42,0.512,2016-17,0.622,111.8,107.5,4.4,96.77,0.537,0.574,0.133,0.256,0,0,0,0,0
2017-18,2017,1610612747,Los Angeles Lakers,82,35,0.427,2016-17,0.317,105.3,112.0,-6.7,99.26,0.501,0.537,0.153,0.284,0,0,0,0,0
2017-18,2017,1610612748,Miami Heat,82,44,0.537,2016-17,0.5,107.4,106.4,1.0,95.51,0.512,0.541,0.14,0.284,1,0,0,0,0
2017-18,2017,1610612749,Milwaukee Bucks,82,44,0.537,2016-17,0.512,108.5,108.7,-0.2,94.99,0.527,0.565,0.146,0.26,1,0,0,0,0
2017-18,2017,1610612750,Minnesota Timberwolves,82,47,0.573,2016-17,0.378,110.0,110.9,-0.9,95.48,0.511,0.555,0.146,0.309,1,0,0,0,0
2017-18,2017,1610612751,Brooklyn Nets,82,28,0.341,2016-17,0.244,103.6,110.1,-6.5,101.75,0.507,0.551,0.162,0.241,0,0,0,0,0
2017-18,2017,1610612752,New York Knicks,82,29,0.354,2016-17,0.378,107.1,110.7,-3.6,96.63,0.496,0.534,0.143,0.305,0,0,0,0,0
2017-18,2017,1610612753,Orlando Magic,82,25,0.305,2016-17,0.354,103.7,110.3,-6.5,96.9,0.489,0.524,0.137,0.267,0,0,0,0,0
2017-18,2017,1610612754,Indiana Pacers,82,48,0.585,2016-17,0.512,107.9,108.1,-0.2,96.59,0.516,0.558,0.141,0.255,1,0,0,0,0
2017-18,2017,1610612755,Philadelphia 76ers,82,52,0.634,2016-17,0.341,102.7,108.2,-5.5,99.07,0.501,0.539,0.167,0.273,1,1,0,0,0
2017-18,2017,1610612756,Phoenix Suns,82,21,0.256,2016-17,0.293,106.1,111.3,-5.2,100.85,0.493,0.538,0.152,0.299,0,0,0,0,0
2017-18,2017,1610612757,Portland Trail Blazers,82,49,0.598,2016-17,0.5,109.4,110.0,-0.6,97.38,0.52,0.559,0.139,0.269,1,0,0,0,0
2017-18,2017,1610612758,Sacramento Kings,82,27,0.329,2016-17,0.39,106.6,110.8,-4.2,95.42,0.516,0.556,0.152,0.258,0,0,0,0,0
2017-18,2017,1610612759,San Antonio Spurs,82,47,0.573,2016-17,0.744,110.3,102.9,7.4,94.86,0.524,0.564,0.141,0.282,1,0,0,0,0
2017-18,2017,1610612760,Oklahoma City Thunder,82,48,0.585,2016-17,0.573,107.9,107.1,0.8,98.18,0.5,0.54,0.152,0.323,1,0,0,0,0
2017-18,2017,1610612761,Toronto Raptors,82,59,0.72,2016-17,0.622,111.4,107.1,4.3,95.41,0.517,0.561,0.132,0.291,1,1,0,0,0
2017-18,2017,1610612762,Utah Jazz,82,48,0.585,2016-17,0.622,109.0,104.7,4.3,92.09,0.526,0.563,0.148,0.27,1,1,0,0,0
2017-18,2017,1610612763,Memphis Grizzlies,82,22,0.268,2016-17,0.524,107.0,106.5,0.5,92.84,0.491,0.535,0.137,0.295,0,0,0,0,0
2017-18,2017,1610612764,Washington Wizards,82,43,0.524,2016-17,0.598,110.4,108.8,1.7,97.94,0.528,0.564,0.143,0.286,1,0,0,0,0
2017-18,2017,1610612765,Detroit Pistons,82,39,0.476,2016-17,0.451,105.3,106.7,-1.4,95.52,0.492,0.521,0.123,0.286,0,0,0,0,0
2017-18,2017,1610612766,Charlotte Hornets,82,36,0.439,2016-17,0.439,108.4,108.4,0.0,95.92,0.501,0.547,0.119,0.247,0,0,0,0,0
2018-19,2018,1610612737,Atlanta Hawks,82,29,0.354,2017-18,0.293,104.4,110.1,-5.7,98.76,0.512,0.547,0.157,0.263,0,0,0,0,0
2018-19,2018,1610612738,Boston Celtics,82,49,0.598,2017-18,0.671,106.8,103.2,3.6,96.75,0.518,0.552,0.144,0.263,1,1,0,0,0
2018-19,2018,1610612739,Cleveland Cavaliers,82,19,0.232,2017-18,0.61,112.0,111.1,1.0,98.72,0.547,0.584,0.139,0.243,0,0,0,0,0
2018-19,2018,1610612740,New Orleans Pelicans,82,33,0.402,2017-18,0.585,108.5,107.4,1.1,101.48,0.541,0.573,0.145,0.24,0,0,0,0,0
2018-19,2018,1610612741,Chicago Bulls,82,22,0.268,2017-18,0.329,103.4,110.5,-7.0,98.65,0.497,0.529,0.141,0.256,0,0,0,0,0
2018-19,2018,1610612742,Dallas Mavericks,82,33,0.402,2017-18,0.293,105.4,108.4,-2.9,96.53,0.513,0.544,0.127,0.224,0,0,0,0,0
2018-19,2018,1610612743,Denver Nuggets,82,54,0.659,2017-18,0.561,111.4,110.0,1.4,97.69,0.536,0.57,0.151,0.3,1,1,0,0,0
2018-19,2018,1610612744,Golden State Warriors,82,57,0.695,2017-18,0.707,112.8,106.8,5.9,100.35,0.569,0.603,0.153,0.243,1,3,1,1,0
2018-19,2018,1610612745,Houston Rockets,82,53,0.646,2017-18,0.793,114.1,105.7,8.4,98.02,0.551,0.59,0.141,0.254,1,1,0,0,0
2018-19,2018,1610612746,LA Clippers,82,48,0.585,2017-18,0.512,109.4,109.2,0.2,99.54,0.527,0.564,0.147,0.284,1,0,0,0,0
2018-19,2018,1610612747,Los Angeles Lakers,82,37,0.451,2017-18,0.427,106.0,107.3,-1.3,100.9,0.517,0.548,0.155,0.279,0,0,0,0,0
2018-19,2018,1610612748,Miami Heat,82,39,0.476,2017-18,0.537,106.2,105.8,0.4,96.1,0.52,0.551,0.148,0.261,0,0,0,0,0
2018-19,2018,1610612749,Milwaukee Bucks,82,60,0.732,2017-18,0.537,109.0,109.1,-0.2,97.03,0.531,0.571,0.142,0.244,1,2,1,0,0
2018-19,2018,1610612750,Minnesota Timberwolves,82,36,0.439,2017-18,0.573,112.5,110.2,2.3,96.75,0.523,0.566,0.128,0.289,0,0,0,0,0
2018-19,2018,1610612751,Brooklyn Nets,82,42,0.512,2017-18,0.341,106.1,109.7,-3.6,99.66,0.514,0.551,0.151,0.251,1,0,0,0,0
2018-19,2018,1610612752,New York Knicks,82,17,0.207,2017-18,0.354,106.3,109.7,-3.4,97.64,0.51,0.544,0.15,0.289,0,0,0,0,0
2018-19,2018,1610612753,Orlando Magic,82,42,0.512,2017-18,0.305,104.7,109.4,-4.7,98.58,0.512,0.545,0.147,0.248,1,0,0,0,0
2018-19,2018,1610612754,Indiana Pacers,82,48,0.585,2017-18,0.585,108.5,107.3,1.3,96.84,0.525,0.557,0.136,0.271,1,0,0,0,0
2018-19,2018,1610612755,Philadelphia 76ers,82,51,0.622,2017-18,0.634,108.5,103.9,4.6,100.75,0.535,0.568,0.163,0.286,1,1,0,0,0
2018-19,2018,1610612756,Phoenix Suns,82,19,0.232,2017-18,0.256,102.8,111.7,-9.0,101.14,0.495,0.532,0.155,0.271,0,0,0,0,0
2018-19,2018,1610612757,Portland Trail Blazers,82,53,0.646,2017-18,0.598,108.4,105.7,2.7,97.11,0.511,0.549,0.139,0.279,1,2,1,0,0
2018-19,2018,1610612758,Sacramento Kings,82,39,0.476,2017-18,0.329,103.1,110.4,-7.3,95.5,0.502,0.529,0.143,0.264,0,0,0,0,0
2018-19,2018,1610612759,San Antonio Spurs,82,48,0.585,2017-18,0.573,107.1,104.1,3.0,95.7,0.507,0.543,0.137,0.277,1,0,0,0,0
2018-19,2018,1610612760,Oklahoma City Thunder,82,49,0.598,2017-18,0.585,110.1,106.4,3.7,97.34,0.514,0.546,0.143,0.32,1,0,0,0,0
2018-19,2018,1610612761,Toronto Raptors,82,58,0.707,2017-18,0.72,113.0,105.3,7.7,98.02,0.539,0.575,0.135,0.274,1,4,1,1,1
2018-19,2018,1610612762,Utah Jazz,82,50,0.61,2017-18,0.585,107.4,103.0,4.4,96.58,0.527,0.564,0.152,0.256,1,0,0,0,0
2018-19,2018,1610612763,Memphis Grizzlies,82,33,0.402,2017-18,0.268,103.6,110.4,-6.8,95.65,0.5,0.539,0.156,0.276,0,0,0,0,0
2018-19,2018,1610612764,Washington Wizards,82,32,0.39,2017-18,0.524,108.1,107.7,0.4,97.67,0.525,0.56,0.148,0.274,0,0,0,0,0
2018-19,2018,1610612765,Detroit Pistons,82,41,0.5,2017-18,0.476,106.6,106.7,-0.1,96.75,0.512,0.543,0.138,0.269,1,0,0,0,0
2018-19,2018,1610612766,Charlotte Hornets,82,39,0.476,2017-18,0.439,109.0,109.0,-0.1,98.66,0.508,0.549,0.128,0.271,0,0,0,0,0
2019-20,2019,1610612737,Atlanta Hawks,67,20,0.299,2018-19,0.354,107.5,113.1,-5.5,104.56,0.522,0.555,0.162,0.284,0,0,0,0,0
2019-20,2019,1610612738,Boston Celtics,72,48,0.667,2018-19,0.598,111.3,107.0,4.3,100.43,0.534,0.567,0.127,0.257,1,2,1,0,0
2019-20,2019,1610612739,Cleveland Cavaliers,65,19,0.292,2018-19,0.232,106.8,116.8,-10.0,97.37,0.503,0.54,0.138,0.282,0,0,0,0,0
2019-20,2019,1610612740,New Orleans Pelicans,72,30,0.417,2018-19,0.402,110.7,112.0,-1.3,103.89,0.529,0.563,0.142,0.285,0,0,0,0,0
2019-20,2019,1610612741,Chicago Bulls,65,22,0.338,2018-19,0.268,104.5,112.8,-8.3,99.3,0.505,0.541,0.141,0.242,0,0,0,0,0
2019-20,2019,1610612742,Dallas Mavericks,75,43,0.573,2018-19,0.402,108.7,110.1,-1.5,99.6,0.519,0.555,0.142,0.273,1,0,0,0,0
2019-20,2019,1610612743,Denver Nuggets,73,46,0.63,2018-19,0.659,112.1,108.1,4.0,98.49,0.527,0.558,0.136,0.308,1,2,1,0,0
2019-20,2019,1610612744,Golden State Warriors,65,15,0.231,2018-19,0.695,115.0,108.6,6.5,101.74,0.565,0.596,0.139,0.257,0,0,0,0,0
2019-20,2019,1610612745,Houston Rockets,72,44,0.611,2018-19,0.646,114.9,110.1,4.8,98.39,0.542,0.581,0.135,0.269,1,1,0,0,0
2019-20,2019,1610612746,LA Clippers,72,49,0.681,2018-19,0.585,111.4,110.4,1.0,102.66,0.529,0.575,0.141,0.263,1,1,0,0,0
2019-20,2019,1610612747,Los Angeles Lakers,71,52,0.732,2018-19,0.451,107.4,108.9,-1.6,103.6,0.527,0.554,0.15,0.27,1,4,1,1,1
2019-20,2019,1610612748,Miami Heat,73,44,0.603,2018-19,0.476,106.7,107.1,-0.4,98.73,0.515,0.542,0.149,0.291,1,3,1,1,0
2019-20,2019,1610612749,Milwaukee Bucks,73,56,0.767,2018-19,0.732,113.5,104.9,8.6,103.57,0.55,0.583,0.133,0.25,1,1,0,0,0
2019-20,2019,1610612750,Minnesota Timberwolves,64,19,0.297,2018-19,0.439,110.6,112.2,-1.6,100.88,0.511,0.552,0.129,0.292,0,0,0,0,0
2019-20,2019,1610612751,Brooklyn Nets,72,35,0.486,2018-19,0.512,108.9,109.0,-0.1,101.52,0.52,0.556,0.146,0.282,1,0,0,0,0
2019-20,2019,1610612752,New York Knicks,66,21,0.318,2018-19,0.207,104.0,112.9,-8.9,100.16,0.49,0.529,0.14,0.264,0,0,0,0,0
2019-20,2019,1610612753,Orlando Magic,73,33,0.452,2018-19,0.512,108.2,107.6,0.6,98.65,0.518,0.55,0.133,0.259,1,0,0,0,0
2019-20,2019,1610612754,Indiana Pacers,73,45,0.616,2018-19,0.585,109.4,106.0,3.4,98.64,0.53,0.561,0.139,0.269,1,0,0,0,0
2019-20,2019,1610612755,Philadelphia 76ers,73,43,0.589,2018-19,0.622,111.6,109.0,2.6,102.59,0.532,0.574,0.144,0.278,1,0,0,0,0
2019-20,2019,1610612756,Phoenix Suns,73,34,0.466,2018-19,0.232,105.3,114.2,-8.9,101.15,0.514,0.552,0.153,0.247,0,0,0,0,0
2019-20,2019,1610612757,Portland Trail Blazers,74,35,0.473,2018-19,0.646,113.7,109.5,4.2,99.96,0.528,0.568,0.137,0.308,1,0,0,0,0
2019-20,2019,1610612758,Sacramento Kings,72,31,0.431,2018-19,0.476,109.6,110.8,-1.2,103.88,0.524,0.554,0.128,0.268,0,0,0,0,0
2019-20,2019,1610612759,San Antonio Spurs,71,32,0.451,2018-19,0.585,112.2,110.6,1.6,98.88,0.534,0.572,0.122,0.246,0,0,0,0,0
2019-20,2019,1610612760,Oklahoma City Thunder,72,44,0.611,2018-19,0.598,109.8,106.5,3.4,103.38,0.514,0.545,0.134,0.298,1,0,0,0,0
2019-20,2019,1610612761,Toronto Raptors,72,53,0.736,2018-19,0.707,112.6,106.8,5.8,100.51,0.543,0.579,0.138,0.265,1,1,0,0,0
2019-20,2019,1610612762,Utah Jazz,72,44,0.611,2018-19,0.61,110.3,105.3,5.0,100.84,0.538,0.572,0.149,0.275,1,0,0,0,0
2019-20,2019,1610612763,Memphis Grizzlies,73,34,0.466,2018-19,0.402,105.6,108.0,-2.4,97.15,0.508,0.548,0.143,0.247,0,0,0,0,0
2019-20,2019,1610612764,Washington Wizards,72,25,0.347,2018-19,0.39,110.2,112.9,-2.7,102.23,0.531,0.567,0.136,0.252,0,0,0,0,0
2019-20,2019,1610612765,Detroit Pistons,66,20,0.303,2018-19,0.5,108.4,108.7,-0.3,97.88,0.509,0.544,0.14,0.291,0,0,0,0,0
2019-20,2019,1610612766,Charlotte Hornets,65,23,0.354,2018-19,0.476,110.7,112.0,-1.3,99.18,0.514,0.554,0.122,0.268,0,0,0,0,0
2020-21,2020,1610612737,Atlanta Hawks,72,41,0.569,2019-20,0.299,107.0,114.4,-7.4,103.28,0.515,0.554,0.155,0.267,1,2,1,0,0
2020-21,2020,1610612738,Boston Celtics,72,36,0.5,2019-20,0.667,112.8,106.5,6.3,99.92,0.531,0.57,0.137,0.283,1,0,0,0,0
2020-21,2020,1610612739,Cleveland Cavaliers,72,22,0.306,2019-20,0.292,106.9,114.8,-7.9,99.17,0.522,0.553,0.165,0.296,0,0,0,0,0
2020-21,2020,1610612740,New Orleans Pelicans,72,31,0.431,2019-20,0.417,110.5,111.8,-1.3,103.89,0.539,0.568,0.156,0.287,0,0,0,0,0
2020-21,2020,1610612741,Chicago Bulls,72,31,0.431,2019-20,0.338,105.8,108.9,-3.1,100.46,0.515,0.547,0.153,0.267,0,0,0,0,0
2020-21,2020,1610612742,Dallas Mavericks,72,42,0.583,2019-20,0.573,115.9,111.2,4.8,99.89,0.545,0.581,0.126,0.275,1,0,0,0,0
2020-21,2020,1610612743,Denver Nuggets,72,47,0.653,2019-20,0.63,112.6,110.4,2.2,97.64,0.535,0.567,0.139,0.294,1,1,0,0,0
2020-21,2020,1610612744,Golden State Warriors,72,39,0.542,2019-20,0.231,104.4,113.0,-8.6,101.04,0.497,0.54,0.146,0.255,0,0,0,0,0
2020-21,2020,1610612745,Houston Rockets,72,17,0.236,2019-20,0.611,112.5,109.8,2.7,104.04,0.537,0.578,0.14,0.249,0,0,0,0,0
2020-21,2020,1610612746,LA Clippers,72,47,0.653,2019-20,0.681,113.3,106.9,6.3,102.16,0.535,0.577,0.142,0.278,1,2,1,0,0
2020-21,2020,1610612747,Los Angeles Lakers,72,42,0.583,2019-20,0.732,111.7,106.1,5.6,101.2,0.542,0.573,0.149,0.283,1,0,0,0,0
2020-21,2020,1610612748,Miami Heat,72,40,0.556,2019-20,0.603,111.9,109.3,2.7,98.7,0.547,0.587,0.149,0.257,1,0,0,0,0
2020-21,2020,1610612749,Milwaukee Bucks,72,46,0.639,2019-20,0.767,111.9,102.5,9.4,105.51,0.552,0.583,0.142,0.241,1,4,1,1,1
2020-21,2020,1610612750,Minnesota Timberwolves,72,23,0.319,2019-20,0.297,107.6,111.6,-4.0,103.94,0.514,0.551,0.146,0.264,0,0,0,0,0
2020-21,2020,1610612751,Brooklyn Nets,72,48,0.667,2019-20,0.486,108.7,109.2,-0.5,101.7,0.52,0.554,0.148,0.28,1,1,0,0,0
2020-21,2020,1610612752,New York Knicks,72,41,0.569,2019-20,0.318,105.9,112.4,-6.5,99.11,0.501,0.531,0.143,0.3,1,0,0,0,0
2020-21,2020,1610612753,Orlando Magic,72,21,0.292,2019-20,0.452,107.9,109.2,-1.3,98.99,0.506,0.544,0.129,0.267,0,0,0,0,0
2020-21,2020,1610612754,Indiana Pacers,72,34,0.472,2019-20,0.616,109.5,107.5,1.9,99.41,0.534,0.565,0.132,0.243,0,0,0,0,0
2020-21,2020,1610612755,Philadelphia 76ers,72,49,0.681,2019-20,0.589,110.7,108.4,2.3,99.59,0.534,0.566,0.142,0.281,1,1,0,0,0
2020-21,2020,1610612756,Phoenix Suns,72,51,0.708,2019-20,0.466,111.3,110.8,0.5,101.74,0.532,0.576,0.145,0.261,1,3,1,1,0
2020-21,2020,1610612757,Portland Trail Blazers,72,42,0.583,2019-20,0.473,113.2,114.3,-1.1,101.17,0.533,0.57,0.126,0.266,1,0,0,0,0
2020-21,2020,1610612758,Sacramento Kings,72,31,0.431,2019-20,0.431,109.5,111.4,-1.9,99.6,0.534,0.566,0.144,0.258,0,0,0,0,0
2020-21,2020,1610612759,San Antonio Spurs,72,33,0.458,2019-20,0.451,111.7,112.6,-0.9,101.14,0.531,0.572,0.123,0.233,0,0,0,0,0
2020-21,2020,1610612760,Oklahoma City Thunder,72,22,0.306,2019-20,0.611,110.1,108.1,2.1,99.42,0.53,0.573,0.137,0.241,0,0,0,0,0
2020-21,2020,1610612761,Toronto Raptors,72,27,0.375,2019-20,0.736,110.8,104.7,6.1,101.19,0.536,0.574,0.146,0.256,0,0,0,0,0
2020-21,2020,1610612762,Utah Jazz,72,52,0.722,2019-20,0.611,111.8,109.3,2.5,99.15,0.549,0.585,0.152,0.261,1,1,0,0,0
2020-21,2020,1610612763,Memphis Grizzlies,72,38,0.528,2019-20,0.466,108.7,109.7,-1.0,103.31,0.528,0.561,0.147,0.271,1,0,0,0,0
2020-21,2020,1610612764,Washington Wizards,72,34,0.472,2019-20,0.347,110.2,114.7,-4.5,103.38,0.523,0.562,0.136,0.262,1,0,0,0,0
2020-21,2020,1610612765,Detroit Pistons,72,20,0.278,2019-20,0.303,108.8,112.3,-3.5,97.86,0.529,0.561,0.155,0.277,0,0,0,0,0
2020-21,2020,1610612766,Charlotte Hornets,72,33,0.458,2019-20,0.354,105.9,112.8,-7.0,96.24,0.504,0.539,0.15,0.28,0,0,0,0,0
2021-22,2021,1610612737,Atlanta Hawks,82,43,0.524,2020-21,0.569,114.3,112.1,2.2,98.68,0.539,0.581,0.133,0.284,1,0,0,0,0
2021-22,2021,1610612738,Boston Celtics,82,51,0.622,2020-21,0.5,113.1,111.8,1.2,98.94,0.543,0.574,0.141,0.289,1,3,1,1,0
2021-22,2021,1610612739,Cleveland Cavaliers,82,44,0.537,2020-21,0.306,105.2,113.5,-8.3,97.96,0.508,0.543,0.157,0.28,0,0,0,0,0
2021-22,2021,1610612740,New Orleans Pelicans,82,36,0.439,2020-21,0.431,113.0,113.3,-0.3,100.54,0.537,0.57,0.144,0.302,1,0,0,0,0
2021-22,2021,1610612741,Chicago Bulls,82,46,0.561,2020-21,0.431,110.4,111.5,-1.1,99.58,0.547,0.575,0.151,0.267,1,0,0,0,0
2021-22,2021,1610612742,Dallas Mavericks,82,52,0.634,2020-21,0.583,114.6,112.3,2.3,97.94,0.55,0.582,0.123,0.253,1,2,1,0,0
2021-22,2021,1610612743,Denver Nuggets,82,48,0.585,2020-21,0.653,116.3,111.5,4.8,97.74,0.557,0.588,0.136,0.292,1,0,0,0,0
2021-22,2021,1610612744,Golden State Warriors,82,53,0.646,2020-21,0.542,110.5,109.4,1.1,102.81,0.551,0.583,0.146,0.222,1,4,1,1,1
2021-22,2021,1610612745,Houston Rockets,82,20,0.244,2020-21,0.236,107.0,114.4,-7.4,101.69,0.521,0.553,0.145,0.24,0,0,0,0,0
2021-22,2021,1610612746,LA Clippers,82,42,0.512,2020-21,0.653,116.7,110.6,6.1,97.63,0.564,0.599,0.135,0.27,0,0,0,0,0
2021-22,2021,1610612747,Los Angeles Lakers,82,33,0.402,2020-21,0.583,109.8,106.8,2.9,98.85,0.536,0.569,0.152,0.269,0,0,0,0,0
2021-22,2021,1610612748,Miami Heat,82,53,0.646,2020-21,0.556,110.6,110.7,-0.1,97.09,0.546,0.581,0.144,0.24,1,2,1,0,0
2021-22,2021,1610612749,Milwaukee Bucks,82,51,0.622,2020-21,0.639,116.5,110.7,5.8,102.85,0.566,0.593,0.134,0.269,1,1,0,0,0
2021-22,2021,1610612750,Minnesota Timberwolves,82,46,0.561,2020-21,0.319,109.3,114.5,-5.3,101.96,0.52,0.555,0.139,0.271,1,0,0,0,0
2021-22,2021,1610612751,Brooklyn Nets,82,44,0.537,2020-21,0.667,117.3,113.1,4.2,100.27,0.575,0.61,0.134,0.252,1,0,0,0,0
2021-22,2021,1610612752,New York Knicks,82,37,0.451,2020-21,0.569,110.2,107.8,2.4,96.32,0.524,0.559,0.133,0.264,0,0,0,0,0
2021-22,2021,1610612753,Orlando Magic,82,22,0.268,2020-21,0.292,104.6,113.9,-9.3,99.17,0.49,0.527,0.129,0.252,0,0,0,0,0
2021-22,2021,1610612754,Indiana Pacers,82,25,0.305,2020-21,0.472,111.9,111.9,0.1,102.05,0.542,0.575,0.131,0.247,0,0,0,0,0
2021-22,2021,1610612755,Philadelphia 76ers,82,51,0.622,2020-21,0.681,112.5,107.0,5.5,100.12,0.541,0.579,0.143,0.277,1,1,0,0,0
2021-22,2021,1610612756,Phoenix Suns,82,64,0.78,2020-21,0.708,116.3,110.4,5.9,98.0,0.564,0.597,0.126,0.248,1,1,0,0,0
2021-22,2021,1610612757,Portland Trail Blazers,82,27,0.329,2020-21,0.583,117.1,115.3,1.8,98.97,0.54,0.577,0.112,0.273,0,0,0,0,0
2021-22,2021,1610612758,Sacramento Kings,82,30,0.366,2020-21,0.431,112.7,116.5,-3.8,100.71,0.549,0.578,0.133,0.253,0,0,0,0,0
2021-22,2021,1610612759,San Antonio Spurs,82,34,0.415,2020-21,0.458,110.5,112.0,-1.5,99.45,0.517,0.554,0.113,0.243,0,0,0,0,0
2021-22,2021,1610612760,Oklahoma City Thunder,82,24,0.293,2020-21,0.306,102.8,113.4,-10.6,101.61,0.509,0.539,0.158,0.254,0,0,0,0,0
2021-22,2021,1610612761,Toronto Raptors,82,48,0.585,2020-21,0.375,111.6,112.0,-0.4,99.57,0.529,0.567,0.133,0.256,1,0,0,0,0
2021-22,2021,1610612762,Utah Jazz,82,49,0.598,2020-21,0.722,116.5,107.5,9.0,99.37,0.563,0.597,0.142,0.284,1,0,0,0,0
2021-22,2021,1610612763,Memphis Grizzlies,82,56,0.683,2020-21,0.528,111.7,110.5,1.2,100.77,0.528,0.56,0.131,0.285,1,1,0,0,0
2021-22,2021,1610612764,Washington Wizards,82,35,0.427,2020-21,0.472,110.7,112.3,-1.6,104.67,0.531,0.569,0.137,0.25,0,0,0,0,0
2021-22,2021,1610612765,Detroit Pistons,82,23,0.28,2020-21,0.278,107.6,112.2,-4.5,98.19,0.519,0.556,0.151,0.267,0,0,0,0,0
2021-22,2021,1610612766,Charlotte Hornets,82,43,0.524,2020-21,0.458,110.1,112.0,-1.9,99.0,0.532,0.564,0.149,0.276,0,0,0,0,0
2022-23,2022,1610612737,Atlanta Hawks,82,41,0.5,2021-22,0.524,115.4,113.7,1.6,98.67,0.543,0.581,0.12,0.269,1,0,0,0,0
2022-23,2022,1610612738,Boston Celtics,82,57,0.695,2021-22,0.622,113.6,106.2,7.4,97.26,0.542,0.578,0.139,0.277,1,2,1,0,0
2022-23,2022,1610612739,Cleveland Cavaliers,82,51,0.622,2021-22,0.537,111.0,108.9,2.1,96.83,0.538,0.571,0.148,0.277,1,0,0,0,0
2022-23,2022,1610612740,New Orleans Pelicans,82,42,0.512,2021-22,0.439,111.2,112.0,-0.8,98.02,0.517,0.557,0.143,0.306,0,0,0,0,0
2022-23,2022,1610612741,Chicago Bulls,82,40,0.488,2021-22,0.561,112.7,113.2,-0.5,98.76,0.541,0.579,0.13,0.249,0,0,0,0,0
2022-23,2022,1610612742,Dallas Mavericks,82,38,0.463,2021-22,0.634,112.5,109.1,3.5,95.64,0.538,0.572,0.13,0.256,0,0,0,0,0
2022-23,2022,1610612743,Denver Nuggets,82,53,0.646,2021-22,0.585,113.8,111.5,2.3,98.41,0.556,0.59,0.146,0.268,1,4,1,1,1
2022-23,2022,1610612744,Golden State Warriors,82,44,0.537,2021-22,0.646,112.1,106.6,5.5,98.74,0.552,0.582,0.15,0.269,1,1,0,0,0
2022-23,2022,1610612745,Houston Rockets,82,22,0.268,2021-22,0.244,108.1,116.4,-8.3,101.16,0.534,0.565,0.162,0.265,0,0,0,0,0
2022-23,2022,1610612746,LA Clippers,82,44,0.537,2021-22,0.512,109.5,109.5,0.0,98.51,0.531,0.564,0.139,0.254,1,0,0,0,0
2022-23,2022,1610612747,Los Angeles Lakers,82,43,0.524,2021-22,0.402,110.0,112.8,-2.9,100.47,0.537,0.567,0.142,0.256,1,2,1,0,0
2022-23,2022,1610612748,Miami Heat,82,44,0.537,2021-22,0.646,113.0,108.4,4.5,96.53,0.547,0.584,0.149,0.278,1,3,1,1,0
2022-23,2022,1610612749,Milwaukee Bucks,82,58,0.707,2021-22,0.622,114.3,111.1,3.2,100.59,0.546,0.58,0.133,0.269,1,0,0,0,0
2022-23,2022,1610612750,Minnesota Timberwolves,82,42,0.512,2021-22,0.561,113.8,111.0,2.7,101.47,0.539,0.573,0.141,0.284,1,0,0,0,0
2022-23,2022,1610612751,Brooklyn Nets,82,45,0.549,2021-22,0.537,113.2,112.3,0.9,99.4,0.54,0.576,0.141,0.281,1,0,0,0,0
2022-23,2022,1610612752,New York Knicks,82,47,0.573,2021-22,0.451,109.7,110.2,-0.4,96.42,0.513,0.55,0.137,0.291,1,1,0,0,0
2022-23,2022,1610612753,Orlando Magic,82,34,0.415,2021-22,0.268,103.9,112.1,-8.1,99.71,0.503,0.538,0.144,0.249,0,0,0,0,0
2022-23,2022,1610612754,Indiana Pacers,82,35,0.427,2021-22,0.305,111.9,115.5,-3.6,98.55,0.531,0.564,0.145,0.31,0,0,0,0,0
2022-23,2022,1610612755,Philadelphia 76ers,82,54,0.659,2021-22,0.622,113.0,110.2,2.8,96.71,0.534,0.578,0.129,0.246,1,1,0,0,0
2022-23,2022,1610612756,Phoenix Suns,82,45,0.549,2021-22,0.78,114.2,106.8,7.5,100.26,0.549,0.581,0.129,0.264,1,1,0,0,0
2022-23,2022,1610612757,Portland Trail Blazers,82,33,0.402,2021-22,0.329,107.3,116.3,-9.1,98.74,0.515,0.55,0.146,0.268,0,0,0,0,0
2022-23,2022,1610612758,Sacramento Kings,82,48,0.585,2021-22,0.366,109.6,114.8,-5.2,100.1,0.525,0.561,0.14,0.259,1,0,0,0,0
2022-23,2022,1610612759,San Antonio Spurs,82,22,0.268,2021-22,0.415,111.9,111.7,0.2,100.51,0.527,0.556,0.126,0.281,0,0,0,0,0
2022-23,2022,1610612760,Oklahoma City Thunder,82,40,0.488,2021-22,0.293,103.8,111.7,-8.0,99.39,0.497,0.53,0.14,0.256,0,0,0,0,0
2022-23,2022,1610612761,Toronto Raptors,82,41,0.5,2021-22,0.585,112.1,109.9,2.2,96.63,0.51,0.543,0.128,0.325,0,0,0,0,0
2022-23,2022,1610612762,Utah Jazz,82,37,0.451,2021-22,0.598,116.2,110.0,6.2,97.5,0.555,0.589,0.143,0.3,0,0,0,0,0
2022-23,2022,1610612763,Memphis Grizzlies,82,51,0.622,2021-22,0.683,114.3,108.9,5.3,100.52,0.522,0.553,0.13,0.338,1,0,0,0,0
2022-23,2022,1610612764,Washington Wizards,82,35,0.427,2021-22,0.427,110.2,113.6,-3.4,97.8,0.532,0.568,0.133,0.247,0,0,0,0,0
2022-23,2022,1610612765,Detroit Pistons,82,17,0.207,2021-22,0.28,105.6,113.3,-7.7,98.81,0.494,0.533,0.143,0.276,0,0,0,0,0
2022-23,2022,1610612766,Charlotte Hornets,82,27,0.329,2021-22,0.524,113.6,113.1,0.5,100.52,0.544,0.572,0.131,0.27,0,0,0,0,0
2023-24,2023,1610612737,Atlanta Hawks,82,36,0.439,2022-23,0.5,115.5,115.4,0.1,101.56,0.541,0.579,0.126,0.289,0,0,0,0,0
2023-24,2023,1610612738,Boston Celtics,82,64,0.78,2022-23,0.695,117.3,110.6,6.7,99.15,0.566,0.6,0.133,0.255,1,4,1,1,1
2023-24,2023,1610612739,Cleveland Cavaliers,82,48,0.585,2022-23,0.622,115.5,109.9,5.6,96.27,0.556,0.59,0.137,0.273,1,1,0,0,0
2023-24,2023,1610612740,New Orleans Pelicans,82,49,0.598,2022-23,0.512,113.8,112.0,1.9,99.58,0.543,0.582,0.145,0.29,1,0,0,0,0
2023-24,2023,1610612741,Chicago Bulls,82,39,0.476,2022-23,0.488,112.8,111.5,1.3,99.18,0.55,0.587,0.133,0.236,0,0,0,0,0
2023-24,2023,1610612742,Dallas Mavericks,82,50,0.61,2022-23,0.463,115.9,116.1,-0.2,97.21,0.565,0.599,0.124,0.226,1,3,1,1,0
2023-24,2023,1610612743,Denver Nuggets,82,57,0.695,2022-23,0.646,116.8,113.5,3.3,98.74,0.573,0.601,0.147,0.289,1,1,0,0,0
2023-24,2023,1610612744,Golden State Warriors,82,46,0.561,2022-23,0.537,115.1,113.4,1.7,102.54,0.571,0.6,0.158,0.277,0,0,0,0,0
2023-24,2023,1610612745,Houston Rockets,82,41,0.5,2022-23,0.268,110.5,118.6,-8.1,99.74,0.516,0.554,0.162,0.344,0,0,0,0,0
2023-24,2023,1610612746,LA Clippers,82,51,0.622,2022-23,0.537,114.0,113.6,0.5,98.84,0.551,0.588,0.143,0.273,1,0,0,0,0
2023-24,2023,1610612747,Los Angeles Lakers,82,47,0.573,2022-23,0.524,113.9,113.2,0.7,101.92,0.542,0.582,0.137,0.269,1,0,0,0,0
2023-24,2023,1610612748,Miami Heat,82,46,0.561,2022-23,0.537,112.3,112.8,-0.5,96.76,0.53,0.574,0.138,0.274,1,0,0,0,0
2023-24,2023,1610612749,Milwaukee Bucks,82,49,0.598,2022-23,0.707,114.3,110.9,3.4,101.45,0.555,0.583,0.143,0.284,1,0,0,0,0
2023-24,2023,1610612750,Minnesota Timberwolves,82,56,0.683,2022-23,0.512,113.3,113.1,0.2,101.55,0.56,0.592,0.15,0.258,1,2,1,0,0
2023-24,2023,1610612751,Brooklyn Nets,82,32,0.39,2022-23,0.549,114.6,113.5,1.1,98.77,0.562,0.598,0.139,0.234,0,0,0,0,0
2023-24,2023,1610612752,New York Knicks,82,50,0.61,2022-23,0.573,117.0,114.2,2.8,97.75,0.541,0.577,0.131,0.318,1,1,0,0,0
2023-24,2023,1610612753,Orlando Magic,82,47,0.573,2022-23,0.415,111.3,113.7,-2.3,99.66,0.532,0.573,0.151,0.281,1,0,0,0,0
2023-24,2023,1610612754,Indiana Pacers,82,47,0.573,2022-23,0.427,113.8,117.1,-3.3,101.68,0.545,0.581,0.146,0.285,1,2,1,0,0
2023-24,2023,1610612755,Philadelphia 76ers,82,47,0.573,2022-23,0.659,117.0,112.7,4.4,97.44,0.563,0.608,0.139,0.258,1,0,0,0,0
2023-24,2023,1610612756,Phoenix Suns,82,49,0.598,2022-23,0.549,114.5,112.3,2.2,98.83,0.535,0.57,0.136,0.307,1,0,0,0,0
2023-24,2023,1610612757,Portland Trail Blazers,82,21,0.256,2022-23,0.402,114.0,118.0,-4.0,99.25,0.549,0.589,0.145,0.264,0,0,0,0,0
2023-24,2023,1610612758,Sacramento Kings,82,46,0.561,2022-23,0.585,118.6,116.0,2.6,100.99,0.572,0.608,0.133,0.265,0,0,0,0,0
2023-24,2023,1610612759,San Antonio Spurs,82,22,0.268,2022-23,0.268,109.7,119.6,-9.9,102.07,0.525,0.554,0.148,0.299,0,0,0,0,0
2023-24,2023,1610612760,Oklahoma City Thunder,82,57,0.695,2022-23,0.488,114.2,113.2,1.0,101.94,0.531,0.57,0.127,0.289,1,1,0,0,0
2023-24,2023,1610612761,Toronto Raptors,82,25,0.305,2022-23,0.5,114.6,113.1,1.5,97.85,0.517,0.555,0.118,0.316,0,0,0,0,0
2023-24,2023,1610612762,Utah Jazz,82,31,0.378,2022-23,0.451,115.3,116.0,-0.7,101.02,0.547,0.584,0.151,0.308,0,0,0,0,0
2023-24,2023,1610612763,Memphis Grizzlies,82,27,0.329,2022-23,0.622,114.7,110.7,4.0,101.5,0.54,0.57,0.133,0.302,0,0,0,0,0
2023-24,2023,1610612764,Washington Wizards,82,15,0.183,2022-23,0.427,113.7,114.9,-1.2,99.16,0.55,0.585,0.142,0.273,0,0,0,0,0
2023-24,2023,1610612765,Detroit Pistons,82,14,0.171,2022-23,0.207,109.9,117.8,-7.9,99.88,0.52,0.561,0.15,0.292,0,0,0,0,0
2023-24,2023,1610612766,Charlotte Hornets,82,21,0.256,2022-23,0.329,108.4,114.7,-6.3,101.47,0.516,0.551,0.139,0.276,0,0,0,0,0
2024-25,2024,1610612737,Atlanta Hawks,82,40,0.488,2023-24,0.439,116.4,118.4,-2.0,100.84,0.539,0.576,0.133,0.308,0,0,0,0,0
2024-25,2024,1610612738,Boston Celtics,82,61,0.744,2023-24,0.78,122.2,110.6,11.7,97.98,0.578,0.609,0.121,0.287,1,1,0,0,0
2024-25,2024,1610612739,Cleveland Cavaliers,82,64,0.78,2023-24,0.585,114.7,112.1,2.5,97.62,0.557,0.586,0.138,0.274,1,1,0,0,0
2024-25,2024,1610612740,New Orleans Pelicans,82,21,0.256,2023-24,0.598,116.5,111.9,4.6,98.7,0.558,0.591,0.132,0.278,0,0,0,0,0
2024-25,2024,1610612741,Chicago Bulls,82,39,0.476,2023-24,0.476,114.0,115.7,-1.7,96.94,0.534,0.568,0.124,0.291,0,0,0,0,0
2024-25,2024,1610612742,Dallas Mavericks,82,39,0.476,2023-24,0.61,117.0,114.9,2.1,100.6,0.562,0.592,0.124,0.257,0,0,0,0,0
2024-25,2024,1610612743,Denver Nuggets,82,50,0.61,2023-24,0.695,117.8,112.3,5.5,97.43,0.562,0.589,0.13,0.3,1,1,0,0,0
2024-25,2024,1610612744,Golden State Warriors,82,48,0.585,2023-24,0.561,116.9,114.5,2.4,99.91,0.557,0.586,0.142,0.315,1,1,0,0,0
2024-25,2024,1610612745,Houston Rockets,82,52,0.634,2023-24,0.5,113.7,112.8,0.9,99.59,0.529,0.565,0.127,0.294,1,0,0,0,0
2024-25,2024,1610612746,LA Clippers,82,50,0.61,2023-24,0.622,117.9,114.6,3.4,97.93,0.561,0.599,0.134,0.283,1,0,0,0,0
2024-25,2024,1610612747,Los Angeles Lakers,82,50,0.61,2023-24,0.573,115.4,114.8,0.6,101.38,0.566,0.601,0.137,0.244,1,0,0,0,0
2024-25,2024,1610612748,Miami Heat,82,37,0.451,2023-24,0.561,113.3,111.5,1.8,96.88,0.538,0.578,0.13,0.261,1,0,0,0,0
2024-25,2024,1610612749,Milwaukee Bucks,82,48,0.585,2023-24,0.598,117.6,115.0,2.6,100.51,0.568,0.601,0.128,0.255,1,0,0,0,0
2024-25,2024,1610612750,Minnesota Timberwolves,82,49,0.598,2023-24,0.683,114.6,108.4,6.3,97.79,0.559,0.594,0.144,0.275,1,2,1,0,0
2024-25,2024,1610612751,Brooklyn Nets,82,26,0.317,2023-24,0.39,112.4,115.4,-2.9,97.56,0.531,0.561,0.134,0.289,0,0,0,0,0
2024-25,2024,1610612752,New York Knicks,82,51,0.622,2023-24,0.61,117.3,112.4,4.9,95.96,0.54,0.574,0.138,0.333,1,2,1,0,0
2024-25,2024,1610612753,Orlando Magic,82,41,0.5,2023-24,0.573,112.9,110.8,2.2,97.37,0.541,0.577,0.15,0.297,1,0,0,0,0
2024-25,2024,1610612754,Indiana Pacers,82,50,0.61,2023-24,0.573,120.5,117.6,2.9,102.16,0.578,0.606,0.126,0.284,1,3,1,1,0
2024-25,2024,1610612755,Philadelphia 76ers,82,24,0.293,2023-24,0.573,116.2,113.0,3.1,98.17,0.532,0.574,0.122,0.292,0,0,0,0,0
2024-25,2024,1610612756,Phoenix Suns,82,36,0.439,2023-24,0.598,116.8,113.7,3.1,99.0,0.565,0.603,0.15,0.292,0,0,0,0,0
2024-25,2024,1610612757,Portland Trail Blazers,82,36,0.439,2023-24,0.256,107.6,116.6,-9.0,97.88,0.503,0.539,0.154,0.32,0,0,0,0,0
2024-25,2024,1610612758,Sacramento Kings,82,40,0.488,2023-24,0.561,116.2,114.4,1.8,99.46,0.556,0.582,0.131,0.285,0,0,0,0,0
2024-25,2024,1610612759,San Antonio Spurs,82,34,0.415,2023-24,0.268,109.3,115.6,-6.4,101.8,0.532,0.563,0.148,0.269,0,0,0,0,0
2024-25,2024,1610612760,Oklahoma City Thunder,82,68,0.829,2023-24,0.695,118.3,111.0,7.3,100.85,0.573,0.608,0.125,0.25,1,4,1,1,1
2024-25,2024,1610612761,Toronto Raptors,82,30,0.366,2023-24,0.305,111.8,118.1,-6.3,99.91,0.535,0.566,0.139,0.281,0,0,0,0,0
2024-25,2024,1610612762,Utah Jazz,82,17,0.207,2023-24,0.378,114.5,119.6,-5.1,100.26,0.539,0.579,0.155,0.325,0,0,0,0,0
2024-25,2024,1610612763,Memphis Grizzlies,82,48,0.585,2023-24,0.329,106.8,113.7,-6.9,98.68,0.509,0.543,0.152,0.287,1,0,0,0,0
2024-25,2024,1610612764,Washington Wizards,82,18,0.22,2023-24,0.183,110.2,118.9,-8.7,103.07,0.538,0.567,0.136,0.24,0,0,0,0,0
2024-25,2024,1610612765,Detroit Pistons,82,44,0.537,2023-24,0.171,109.0,118.0,-9.0,100.45,0.526,0.562,0.151,0.277,1,0,0,0,0
2024-25,2024,1610612766,Charlotte Hornets,82,19,0.232,2023-24,0.256,108.6,119.2,-10.6,97.81,0.529,0.56,0.14,0.253,0,0,0,0,0
2025-26,2025,1610612737,Atlanta Hawks,82,46,0.561,2024-25,0.488,113.7,114.8,-1.1,103.41,0.546,0.579,0.149,0.3,1,0,0,0,0
2025-26,2025,1610612738,Boston Celtics,82,56,0.683,2024-25,0.744,119.5,110.1,9.4,96.59,0.561,0.591,0.122,0.291,1,0,0,0,0
2025-26,2025,1610612739,Cleveland Cavaliers,82,52,0.634,2024-25,0.78,121.0,111.8,9.2,100.31,0.578,0.607,0.131,0.296,1,2,1,0,0
2025-26,2025,1610612740,New Orleans Pelicans,82,26,0.317,2024-25,0.256,109.7,119.1,-9.4,99.77,0.519,0.552,0.146,0.303,0,0,0,0,0
2025-26,2025,1610612741,Chicago Bulls,82,31,0.378,2024-25,0.476,113.2,114.8,-1.6,103.61,0.553,0.585,0.141,0.26,0,0,0,0,0
2025-26,2025,1610612742,Dallas Mavericks,82,26,0.317,2024-25,0.476,113.7,115.0,-1.3,100.15,0.549,0.583,0.14,0.271,0,0,0,0,0
2025-26,2025,1610612743,Denver Nuggets,82,54,0.659,2024-25,0.61,118.9,115.1,3.8,100.67,0.573,0.604,0.14,0.311,1,0,0,0,0
2025-26,2025,1610612744,Golden State Warriors,82,37,0.451,2024-25,0.585,114.2,111.0,3.2,99.37,0.536,0.568,0.141,0.314,0,0,0,0,0
2025-26,2025,1610612745,Houston Rockets,82,52,0.634,2024-25,0.634,114.9,110.3,4.6,99.03,0.523,0.553,0.14,0.363,1,0,0,0,0
2025-26,2025,1610612746,LA Clippers,82,42,0.512,2024-25,0.61,114.3,109.4,4.9,98.24,0.554,0.589,0.151,0.282,0,0,0,0,0
2025-26,2025,1610612747,Los Angeles Lakers,82,53,0.646,2024-25,0.61,115.0,113.8,1.2,98.34,0.557,0.593,0.142,0.273,1,1,0,0,0
2025-26,2025,1610612748,Miami Heat,82,43,0.524,2024-25,0.451,112.4,112.0,0.4,97.08,0.544,0.576,0.138,0.263,0,0,0,0,0
2025-26,2025,1610612749,Milwaukee Bucks,82,32,0.39,2024-25,0.585,115.1,112.7,2.4,99.92,0.568,0.598,0.133,0.235,0,0,0,0,0
2025-26,2025,1610612750,Minnesota Timberwolves,82,49,0.598,2024-25,0.598,115.7,110.8,5.0,97.95,0.554,0.588,0.146,0.3,1,1,0,0,0
2025-26,2025,1610612751,Brooklyn Nets,82,20,0.244,2024-25,0.317,108.1,115.4,-7.3,96.73,0.516,0.552,0.156,0.294,0,0,0,0,0
2025-26,2025,1610612752,New York Knicks,82,53,0.646,2024-25,0.622,117.3,113.3,4.0,97.64,0.556,0.589,0.134,0.305,1,4,1,1,1
2025-26,2025,1610612753,Orlando Magic,82,45,0.549,2024-25,0.5,108.9,109.1,-0.2,96.51,0.51,0.55,0.147,0.302,1,0,0,0,0
2025-26,2025,1610612754,Indiana Pacers,82,19,0.232,2024-25,0.61,115.4,113.3,2.1,100.76,0.562,0.594,0.13,0.254,0,0,0,0,0
2025-26,2025,1610612755,Philadelphia 76ers,82,45,0.549,2024-25,0.293,111.0,117.3,-6.3,98.13,0.527,0.563,0.138,0.279,1,1,0,0,0
2025-26,2025,1610612756,Phoenix Suns,82,45,0.549,2024-25,0.439,114.7,117.7,-3.0,98.31,0.561,0.595,0.142,0.264,1,0,0,0,0
2025-26,2025,1610612757,Portland Trail Blazers,82,42,0.512,2024-25,0.439,111.0,113.7,-2.7,99.51,0.521,0.555,0.16,0.332,1,0,0,0,0
2025-26,2025,1610612758,Sacramento Kings,82,22,0.268,2024-25,0.488,115.9,115.3,0.6,98.91,0.548,0.582,0.133,0.294,0,0,0,0,0
2025-26,2025,1610612759,San Antonio Spurs,82,62,0.756,2024-25,0.415,113.5,116.3,-2.8,100.08,0.544,0.575,0.138,0.278,1,3,1,1,0
2025-26,2025,1610612760,Oklahoma City Thunder,82,64,0.78,2024-25,0.829,119.2,106.6,12.7,100.9,0.56,0.593,0.116,0.281,1,2,1,0,0
2025-26,2025,1610612761,Toronto Raptors,82,46,0.561,2024-25,0.366,109.6,113.6,-4.1,100.62,0.522,0.553,0.152,0.311,1,0,0,0,0
2025-26,2025,1610612762,Utah Jazz,82,22,0.268,2024-25,0.207,110.2,119.4,-9.2,100.85,0.533,0.568,0.17,0.311,0,0,0,0,0
2025-26,2025,1610612763,Memphis Grizzlies,82,25,0.305,2024-25,0.585,117.2,112.6,4.7,103.69,0.554,0.588,0.151,0.33,0,0,0,0,0
2025-26,2025,1610612764,Washington Wizards,82,17,0.207,2024-25,0.22,105.8,118.0,-12.2,101.82,0.512,0.546,0.152,0.272,0,0,0,0,0
2025-26,2025,1610612765,Detroit Pistons,82,60,0.732,2024-25,0.537,114.6,112.5,2.1,100.27,0.547,0.58,0.147,0.305,1,1,0,0,0
2025-26,2025,1610612766,Charlotte Hornets,82,44,0.537,2024-25,0.232,106.7,115.7,-9.1,98.22,0.503,0.537,0.157,0.308,0,0,0,0,0
