TEAM_ID,TEAM_NAME,TARGET_SEASON,PREV_W_PCT,PRED_W,PRED_W_LOW80,PRED_W_HIGH80,MODEL_VERSION,SLOPE,INTERCEPT,TRAIN_ROWS,CREATED_UTC
1610612737,Atlanta Hawks,2026-27,0.561,44.012,31.533,55.569,v1.0,0.604,0.198,450,2026-10-04T02:08:33+00:00
1610612738,Boston Celtics,2026-27,0.683,50.059,37.58,61.616,v1.0,0.604,0.198,450,2026-10-04T02:08:33+00:00
1610612751,Brooklyn Nets,2026-27,0.244,28.3,15.82,39.857,v1.0,0.604,0.198,450,2026-10-04T02:08:33+00:00
1610612766,Charlotte Hornets,2026-27,0.537,42.823,30.343,54.38,v1.0,0.604,0.198,450,2026-10-04T02:08:33+00:00
1610612741,Chicago Bulls,2026-27,0.378,34.942,22.462,46.499,v1.0,0.604,0.198,450,2026-10-04T02:08:33+00:00
1610612739,Cleveland Cavaliers,2026-27,0.634,47.631,35.151,59.188,v1.0,0.604,0.198,450,2026-10-04T02:08:33+00:00
1610612742,Dallas Mavericks,2026-27,0.317,31.918,19.439,43.475,v1.0,0.604,0.198,450,2026-10-04T02:08:33+00:00
1610612743,Denver Nuggets,2026-27,0.659,48.87,36.39,60.427,v1.0,0.604,0.198,450,2026-10-04T02:08:33+00:00
1610612765,Detroit Pistons,2026-27,0.732,52.488,40.009,64.045,v1.0,0.604,0.198,450,2026-10-04T02:08:33+00:00
1610612744,Golden State Warriors,2026-27,0.451,38.56,26.081,50.117,v1.0,0.604,0.198,450,2026-10-04T02:08:33+00:00
1610612745,Houston Rockets,2026-27,0.634,47.631,35.151,59.188,v1.0,0.604,0.198,450,2026-10-04T02:08:33+00:00
1610612754,Indiana Pacers,2026-27,0.232,27.705,15.226,39.262,v1.0,0.604,0.198,450,2026-10-04T02:08:33+00:00
1610612746,LA Clippers,2026-27,0.512,41.583,29.104,53.141,v1.0,0.604,0.198,450,2026-10-04T02:08:33+00:00
1610612747,Los Angeles Lakers,2026-27,0.646,48.225,35.746,59.782,v1.0,0.604,0.198,450,2026-10-04T02:08:33+00:00
1610612763,Memphis Grizzlies,2026-27,0.305,31.323,18.844,42.88,v1.0,0.604,0.198,450,2026-10-04T02:08:33+00:00
1610612748,Miami Heat,2026-27,0.524,42.178,29.699,53.735,v1.0,0.604,0.198,450,2026-10-04T02:08:33+00:00
1610612749,Milwaukee Bucks,2026-27,0.39,35.536,23.057,47.093,v1.0,0.604,0.198,450,2026-10-04T02:08:33+00:00
1610612750,Minnesota Timberwolves,2026-27,0.598,45.846,33.367,57.403,v1.0,0.604,0.198,450,2026-10-04T02:08:33+00:00
1610612740,New Orleans Pelicans,2026-27,0.317,31.918,19.439,43.475,v1.0,0.604,0.198,450,2026-10-04T02:08:33+00:00
1610612752,New York Knicks,2026-27,0.646,48.225,35.746,59.782,v1.0,0.604,0.198,450,2026-10-04T02:08:33+00:00
1610612760,Oklahoma City Thunder,2026-27,0.78,54.867,42.388,66.424,v1.0,0.604,0.198,450,2026-10-04T02:08:33+00:00
1610612753,Orlando Magic,2026-27,0.549,43.417,30.938,54.975,v1.0,0.604,0.198,450,2026-10-04T02:08:33+00:00
1610612755,Philadelphia 76ers,2026-27,0.549,43.417,30.938,54.975,v1.0,0.604,0.198,450,2026-10-04T02:08:33+00:00
1610612756,Phoenix Suns,2026-27,0.549,43.417,30.938,54.975,v1.0,0.604,0.198,450,2026-10-04T02:08:33+00:00
1610612757,Portland Trail Blazers,2026-27,0.512,41.583,29.104,53.141,v1.0,0.604,0.198,450,2026-10-04T02:08:33+00:00
1610612758,Sacramento Kings,2026-27,0.268,29.489,17.01,41.046,v1.0,0.604,0.198,450,2026-10-04T02:08:33+00:00
1610612759,San Antonio Spurs,2026-27,0.756,53.678,41.198,65.235,v1.0,0.604,0.198,450,2026-10-04T02:08:33+00:00
1610612761,Toronto Raptors,2026-27,0.561,44.012,31.533,55.569,v1.0,0.604,0.198,450,2026-10-04T02:08:33+00:00
1610612762,Utah Jazz,2026-27,0.268,29.489,17.01,41.046,v1.0,0.604,0.198,450,2026-10-04T02:08:33+00:00
1610612764,Washington Wizards,2026-27,0.207,26.466,13.987,38.023,v1.0,0.604,0.198,450,2026-10-04T02:08:33+00:00
