TEAM_ID,TEAM_NAME,TARGET_SEASON,PREV_W_PCT,P_PLAYOFFS_RAW,P_PLAYOFFS_NORM,P_CONF_FINALS_RAW,P_CONF_FINALS_NORM,P_FINALS_RAW,P_FINALS_NORM,P_TITLE_RAW,P_TITLE_NORM,MODEL_VERSION,TRAIN_ROWS,CREATED_UTC
1610612737,Atlanta Hawks,2026-27,0.561,0.6619,0.6582,0.1352,0.1237,0.0615,0.0559,0.0224,0.0197,v1.0,450,2026-10-04T02:48:22+00:00
1610612738,Boston Celtics,2026-27,0.683,0.8462,0.844,0.3057,0.2845,0.1578,0.1446,0.0857,0.0758,v1.0,450,2026-10-04T02:48:22+00:00
1610612751,Brooklyn Nets,2026-27,0.244,0.118,0.1163,0.0105,0.0095,0.0043,0.0039,0.0006,0.0005,v1.0,450,2026-10-04T02:48:22+00:00
1610612766,Charlotte Hornets,2026-27,0.537,0.6151,0.6112,0.1131,0.1033,0.0507,0.046,0.0171,0.015,v1.0,450,2026-10-04T02:48:22+00:00
1610612741,Chicago Bulls,2026-27,0.378,0.2937,0.2903,0.032,0.029,0.0134,0.0121,0.0028,0.0024,v1.0,450,2026-10-04T02:48:22+00:00
1610612739,Cleveland Cavaliers,2026-27,0.634,0.7841,0.7813,0.2251,0.2078,0.1094,0.0999,0.0506,0.0445,v1.0,450,2026-10-04T02:48:22+00:00
1610612742,Dallas Mavericks,2026-27,0.317,0.1988,0.1962,0.0193,0.0175,0.008,0.0072,0.0014,0.0012,v1.0,450,2026-10-04T02:48:22+00:00
1610612743,Denver Nuggets,2026-27,0.659,0.8178,0.8153,0.2643,0.2449,0.1322,0.1209,0.0663,0.0585,v1.0,450,2026-10-04T02:48:22+00:00
1610612765,Detroit Pistons,2026-27,0.732,0.8928,0.8912,0.4002,0.376,0.2221,0.2049,0.1416,0.1262,v1.0,450,2026-10-04T02:48:22+00:00
1610612744,Golden State Warriors,2026-27,0.451,0.4355,0.4315,0.0579,0.0526,0.0248,0.0225,0.0064,0.0056,v1.0,450,2026-10-04T02:48:22+00:00
1610612745,Houston Rockets,2026-27,0.634,0.7841,0.7813,0.2251,0.2078,0.1094,0.0999,0.0506,0.0445,v1.0,450,2026-10-04T02:48:22+00:00
1610612754,Indiana Pacers,2026-27,0.232,0.1078,0.1062,0.0095,0.0086,0.0039,0.0035,0.0005,0.0005,v1.0,450,2026-10-04T02:48:22+00:00
1610612746,LA Clippers,2026-27,0.512,0.5639,0.5599,0.0935,0.0852,0.0413,0.0374,0.0129,0.0113,v1.0,450,2026-10-04T02:48:22+00:00
1610612747,Los Angeles Lakers,2026-27,0.646,0.8008,0.7982,0.2434,0.2251,0.1199,0.1095,0.0576,0.0508,v1.0,450,2026-10-04T02:48:22+00:00
1610612763,Memphis Grizzlies,2026-27,0.305,0.1831,0.1807,0.0175,0.0158,0.0072,0.0065,0.0012,0.001,v1.0,450,2026-10-04T02:48:22+00:00
1610612748,Miami Heat,2026-27,0.524,0.5887,0.5847,0.1025,0.0935,0.0455,0.0413,0.0147,0.0129,v1.0,450,2026-10-04T02:48:22+00:00
1610612749,Milwaukee Bucks,2026-27,0.39,0.3153,0.3117,0.0353,0.032,0.0148,0.0134,0.0032,0.0028,v1.0,450,2026-10-04T02:48:22+00:00
1610612750,Minnesota Timberwolves,2026-27,0.598,0.7281,0.7248,0.1763,0.162,0.0827,0.0753,0.034,0.0298,v1.0,450,2026-10-04T02:48:22+00:00
1610612740,New Orleans Pelicans,2026-27,0.317,0.1988,0.1962,0.0193,0.0175,0.008,0.0072,0.0014,0.0012,v1.0,450,2026-10-04T02:48:22+00:00
1610612752,New York Knicks,2026-27,0.646,0.8008,0.7982,0.2434,0.2251,0.1199,0.1095,0.0576,0.0508,v1.0,450,2026-10-04T02:48:22+00:00
1610612760,Oklahoma City Thunder,2026-27,0.78,0.9259,0.9248,0.5007,0.4753,0.3014,0.2803,0.2231,0.2008,v1.0,450,2026-10-04T02:48:22+00:00
1610612753,Orlando Magic,2026-27,0.549,0.6389,0.635,0.1237,0.1131,0.0559,0.0507,0.0196,0.0172,v1.0,450,2026-10-04T02:48:22+00:00
1610612755,Philadelphia 76ers,2026-27,0.549,0.6389,0.635,0.1237,0.1131,0.0559,0.0507,0.0196,0.0172,v1.0,450,2026-10-04T02:48:22+00:00
1610612756,Phoenix Suns,2026-27,0.549,0.6389,0.635,0.1237,0.1131,0.0559,0.0507,0.0196,0.0172,v1.0,450,2026-10-04T02:48:22+00:00
1610612757,Portland Trail Blazers,2026-27,0.512,0.5639,0.5599,0.0935,0.0852,0.0413,0.0374,0.0129,0.0113,v1.0,450,2026-10-04T02:48:22+00:00
1610612758,Sacramento Kings,2026-27,0.268,0.1408,0.1388,0.0128,0.0116,0.0052,0.0047,0.0008,0.0007,v1.0,450,2026-10-04T02:48:22+00:00
1610612759,San Antonio Spurs,2026-27,0.756,0.9107,0.9094,0.45,0.4249,0.2598,0.2406,0.1787,0.16,v1.0,450,2026-10-04T02:48:22+00:00
1610612761,Toronto Raptors,2026-27,0.561,0.6619,0.6582,0.1352,0.1237,0.0615,0.0559,0.0224,0.0197,v1.0,450,2026-10-04T02:48:22+00:00
1610612762,Utah Jazz,2026-27,0.268,0.1408,0.1388,0.0128,0.0116,0.0052,0.0047,0.0008,0.0007,v1.0,450,2026-10-04T02:48:22+00:00
1610612764,Washington Wizards,2026-27,0.207,0.0891,0.0877,0.0077,0.007,0.0031,0.0028,0.0004,0.0003,v1.0,450,2026-10-04T02:48:22+00:00
