SEASON,TEAM_ID,TEAM_NAME,PO_GP,PO_W,PO_L
2010-11,1610612737,Atlanta Hawks,12,6,6
2010-11,1610612738,Boston Celtics,9,5,4
2010-11,1610612741,Chicago Bulls,16,9,7
2010-11,1610612742,Dallas Mavericks,21,16,5
2010-11,1610612743,Denver Nuggets,5,1,4
2010-11,1610612754,Indiana Pacers,5,1,4
2010-11,1610612747,Los Angeles Lakers,10,4,6
2010-11,1610612763,Memphis Grizzlies,13,7,6
2010-11,1610612748,Miami Heat,21,14,7
2010-11,1610612740,New Orleans Hornets,6,2,4
2010-11,1610612752,New York Knicks,4,0,4
2010-11,1610612760,Oklahoma City Thunder,17,9,8
2010-11,1610612753,Orlando Magic,6,2,4
2010-11,1610612755,Philadelphia 76ers,5,1,4
2010-11,1610612757,Portland Trail Blazers,6,2,4
2010-11,1610612759,San Antonio Spurs,6,2,4
2011-12,1610612737,Atlanta Hawks,6,2,4
2011-12,1610612738,Boston Celtics,20,11,9
2011-12,1610612741,Chicago Bulls,6,2,4
2011-12,1610612742,Dallas Mavericks,4,0,4
2011-12,1610612743,Denver Nuggets,7,3,4
2011-12,1610612754,Indiana Pacers,11,6,5
2011-12,1610612746,Los Angeles Clippers,11,4,7
2011-12,1610612747,Los Angeles Lakers,12,5,7
2011-12,1610612763,Memphis Grizzlies,7,3,4
2011-12,1610612748,Miami Heat,23,16,7
2011-12,1610612752,New York Knicks,5,1,4
2011-12,1610612760,Oklahoma City Thunder,20,13,7
2011-12,1610612753,Orlando Magic,5,1,4
2011-12,1610612755,Philadelphia 76ers,13,7,6
2011-12,1610612759,San Antonio Spurs,14,10,4
2011-12,1610612762,Utah Jazz,4,0,4
2012-13,1610612737,Atlanta Hawks,6,2,4
2012-13,1610612738,Boston Celtics,6,2,4
2012-13,1610612751,Brooklyn Nets,7,3,4
2012-13,1610612741,Chicago Bulls,12,5,7
2012-13,1610612743,Denver Nuggets,6,2,4
2012-13,1610612744,Golden State Warriors,12,6,6
2012-13,1610612745,Houston Rockets,6,2,4
2012-13,1610612754,Indiana Pacers,19,11,8
2012-13,1610612746,Los Angeles Clippers,6,2,4
2012-13,1610612747,Los Angeles Lakers,4,0,4
2012-13,1610612763,Memphis Grizzlies,15,8,7
2012-13,1610612748,Miami Heat,23,16,7
2012-13,1610612749,Milwaukee Bucks,4,0,4
2012-13,1610612752,New York Knicks,12,6,6
2012-13,1610612760,Oklahoma City Thunder,11,5,6
2012-13,1610612759,San Antonio Spurs,21,15,6
2013-14,1610612737,Atlanta Hawks,7,3,4
2013-14,1610612751,Brooklyn Nets,12,5,7
2013-14,1610612766,Charlotte Bobcats,4,0,4
2013-14,1610612741,Chicago Bulls,5,1,4
2013-14,1610612742,Dallas Mavericks,7,3,4
2013-14,1610612744,Golden State Warriors,7,3,4
2013-14,1610612745,Houston Rockets,6,2,4
2013-14,1610612754,Indiana Pacers,19,10,9
2013-14,1610612746,Los Angeles Clippers,13,6,7
2013-14,1610612763,Memphis Grizzlies,7,3,4
2013-14,1610612748,Miami Heat,20,13,7
2013-14,1610612760,Oklahoma City Thunder,19,10,9
2013-14,1610612757,Portland Trail Blazers,11,5,6
2013-14,1610612759,San Antonio Spurs,23,16,7
2013-14,1610612761,Toronto Raptors,7,3,4
2013-14,1610612764,Washington Wizards,11,6,5
2014-15,1610612737,Atlanta Hawks,16,8,8
2014-15,1610612738,Boston Celtics,4,0,4
2014-15,1610612751,Brooklyn Nets,6,2,4
2014-15,1610612741,Chicago Bulls,12,6,6
2014-15,1610612739,Cleveland Cavaliers,20,14,6
2014-15,1610612742,Dallas Mavericks,5,1,4
2014-15,1610612744,Golden State Warriors,21,16,5
2014-15,1610612745,Houston Rockets,17,9,8
2014-15,1610612746,Los Angeles Clippers,14,7,7
2014-15,1610612763,Memphis Grizzlies,11,6,5
2014-15,1610612749,Milwaukee Bucks,6,2,4
2014-15,1610612740,New Orleans Pelicans,4,0,4
2014-15,1610612757,Portland Trail Blazers,5,1,4
2014-15,1610612759,San Antonio Spurs,7,3,4
2014-15,1610612761,Toronto Raptors,4,0,4
2014-15,1610612764,Washington Wizards,10,6,4
2015-16,1610612737,Atlanta Hawks,10,4,6
2015-16,1610612738,Boston Celtics,6,2,4
2015-16,1610612766,Charlotte Hornets,7,3,4
2015-16,1610612739,Cleveland Cavaliers,21,16,5
2015-16,1610612742,Dallas Mavericks,5,1,4
2015-16,1610612765,Detroit Pistons,4,0,4
2015-16,1610612744,Golden State Warriors,24,15,9
2015-16,1610612745,Houston Rockets,5,1,4
2015-16,1610612754,Indiana Pacers,7,3,4
2015-16,1610612746,LA Clippers,6,2,4
2015-16,1610612763,Memphis Grizzlies,4,0,4
2015-16,1610612748,Miami Heat,14,7,7
2015-16,1610612760,Oklahoma City Thunder,18,11,7
2015-16,1610612757,Portland Trail Blazers,11,5,6
2015-16,1610612759,San Antonio Spurs,10,6,4
2015-16,1610612761,Toronto Raptors,20,10,10
2016-17,1610612737,Atlanta Hawks,6,2,4
2016-17,1610612738,Boston Celtics,18,9,9
2016-17,1610612741,Chicago Bulls,6,2,4
2016-17,1610612739,Cleveland Cavaliers,18,13,5
2016-17,1610612744,Golden State Warriors,17,16,1
2016-17,1610612745,Houston Rockets,11,6,5
2016-17,1610612754,Indiana Pacers,4,0,4
2016-17,1610612746,LA Clippers,7,3,4
2016-17,1610612763,Memphis Grizzlies,6,2,4
2016-17,1610612749,Milwaukee Bucks,6,2,4
2016-17,1610612760,Oklahoma City Thunder,5,1,4
2016-17,1610612757,Portland Trail Blazers,4,0,4
2016-17,1610612759,San Antonio Spurs,16,8,8
2016-17,1610612761,Toronto Raptors,10,4,6
2016-17,1610612762,Utah Jazz,11,4,7
2016-17,1610612764,Washington Wizards,13,7,6
2017-18,1610612738,Boston Celtics,19,11,8
2017-18,1610612739,Cleveland Cavaliers,22,12,10
2017-18,1610612744,Golden State Warriors,21,16,5
2017-18,1610612745,Houston Rockets,17,11,6
2017-18,1610612754,Indiana Pacers,7,3,4
2017-18,1610612748,Miami Heat,5,1,4
2017-18,1610612749,Milwaukee Bucks,7,3,4
2017-18,1610612750,Minnesota Timberwolves,5,1,4
2017-18,1610612740,New Orleans Pelicans,9,5,4
2017-18,1610612760,Oklahoma City Thunder,6,2,4
2017-18,1610612755,Philadelphia 76ers,10,5,5
2017-18,1610612757,Portland Trail Blazers,4,0,4
2017-18,1610612759,San Antonio Spurs,5,1,4
2017-18,1610612761,Toronto Raptors,10,4,6
2017-18,1610612762,Utah Jazz,11,5,6
2017-18,1610612764,Washington Wizards,6,2,4
2018-19,1610612738,Boston Celtics,9,5,4
2018-19,1610612751,Brooklyn Nets,5,1,4
2018-19,1610612743,Denver Nuggets,14,7,7
2018-19,1610612765,Detroit Pistons,4,0,4
2018-19,1610612744,Golden State Warriors,22,14,8
2018-19,1610612745,Houston Rockets,11,6,5
2018-19,1610612754,Indiana Pacers,4,0,4
2018-19,1610612746,LA Clippers,6,2,4
2018-19,1610612749,Milwaukee Bucks,15,10,5
2018-19,1610612760,Oklahoma City Thunder,5,1,4
2018-19,1610612753,Orlando Magic,5,1,4
2018-19,1610612755,Philadelphia 76ers,12,7,5
2018-19,1610612757,Portland Trail Blazers,16,8,8
2018-19,1610612759,San Antonio Spurs,7,3,4
2018-19,1610612761,Toronto Raptors,24,16,8
2018-19,1610612762,Utah Jazz,5,1,4
2019-20,1610612738,Boston Celtics,17,10,7
2019-20,1610612751,Brooklyn Nets,4,0,4
2019-20,1610612742,Dallas Mavericks,6,2,4
2019-20,1610612743,Denver Nuggets,19,9,10
2019-20,1610612745,Houston Rockets,12,5,7
2019-20,1610612754,Indiana Pacers,4,0,4
2019-20,1610612746,LA Clippers,13,7,6
2019-20,1610612747,Los Angeles Lakers,21,16,5
2019-20,1610612748,Miami Heat,21,14,7
2019-20,1610612749,Milwaukee Bucks,10,5,5
2019-20,1610612760,Oklahoma City Thunder,7,3,4
2019-20,1610612753,Orlando Magic,5,1,4
2019-20,1610612755,Philadelphia 76ers,4,0,4
2019-20,1610612757,Portland Trail Blazers,5,1,4
2019-20,1610612761,Toronto Raptors,11,7,4
2019-20,1610612762,Utah Jazz,7,3,4
2020-21,1610612737,Atlanta Hawks,18,10,8
2020-21,1610612738,Boston Celtics,5,1,4
2020-21,1610612751,Brooklyn Nets,12,7,5
2020-21,1610612742,Dallas Mavericks,7,3,4
2020-21,1610612743,Denver Nuggets,10,4,6
2020-21,1610612746,LA Clippers,19,10,9
2020-21,1610612747,Los Angeles Lakers,6,2,4
2020-21,1610612763,Memphis Grizzlies,5,1,4
2020-21,1610612748,Miami Heat,4,0,4
2020-21,1610612749,Milwaukee Bucks,23,16,7
2020-21,1610612752,New York Knicks,5,1,4
2020-21,1610612755,Philadelphia 76ers,12,7,5
2020-21,1610612756,Phoenix Suns,22,14,8
2020-21,1610612757,Portland Trail Blazers,6,2,4
2020-21,1610612762,Utah Jazz,11,6,5
2020-21,1610612764,Washington Wizards,5,1,4
2021-22,1610612737,Atlanta Hawks,5,1,4
2021-22,1610612738,Boston Celtics,24,14,10
2021-22,1610612751,Brooklyn Nets,4,0,4
2021-22,1610612741,Chicago Bulls,5,1,4
2021-22,1610612742,Dallas Mavericks,18,9,9
2021-22,1610612743,Denver Nuggets,5,1,4
2021-22,1610612744,Golden State Warriors,22,16,6
2021-22,1610612763,Memphis Grizzlies,12,6,6
2021-22,1610612748,Miami Heat,18,11,7
2021-22,1610612749,Milwaukee Bucks,12,7,5
2021-22,1610612750,Minnesota Timberwolves,6,2,4
2021-22,1610612740,New Orleans Pelicans,6,2,4
2021-22,1610612755,Philadelphia 76ers,12,6,6
2021-22,1610612756,Phoenix Suns,13,7,6
2021-22,1610612761,Toronto Raptors,6,2,4
2021-22,1610612762,Utah Jazz,6,2,4
2022-23,1610612737,Atlanta Hawks,6,2,4
2022-23,1610612738,Boston Celtics,20,11,9
2022-23,1610612751,Brooklyn Nets,4,0,4
2022-23,1610612739,Cleveland Cavaliers,5,1,4
2022-23,1610612743,Denver Nuggets,20,16,4
2022-23,1610612744,Golden State Warriors,13,6,7
2022-23,1610612746,LA Clippers,5,1,4
2022-23,1610612747,Los Angeles Lakers,16,8,8
2022-23,1610612763,Memphis Grizzlies,6,2,4
2022-23,1610612748,Miami Heat,23,13,10
2022-23,1610612749,Milwaukee Bucks,5,1,4
2022-23,1610612750,Minnesota Timberwolves,5,1,4
2022-23,1610612752,New York Knicks,11,6,5
2022-23,1610612755,Philadelphia 76ers,11,7,4
2022-23,1610612756,Phoenix Suns,11,6,5
2022-23,1610612758,Sacramento Kings,7,3,4
2023-24,1610612738,Boston Celtics,19,16,3
2023-24,1610612739,Cleveland Cavaliers,12,5,7
2023-24,1610612742,Dallas Mavericks,22,13,9
2023-24,1610612743,Denver Nuggets,12,7,5
2023-24,1610612754,Indiana Pacers,17,8,9
2023-24,1610612746,LA Clippers,6,2,4
2023-24,1610612747,Los Angeles Lakers,5,1,4
2023-24,1610612748,Miami Heat,5,1,4
2023-24,1610612749,Milwaukee Bucks,6,2,4
2023-24,1610612750,Minnesota Timberwolves,16,9,7
2023-24,1610612740,New Orleans Pelicans,4,0,4
2023-24,1610612752,New York Knicks,13,7,6
2023-24,1610612760,Oklahoma City Thunder,10,6,4
2023-24,1610612753,Orlando Magic,7,3,4
2023-24,1610612755,Philadelphia 76ers,6,2,4
2023-24,1610612756,Phoenix Suns,4,0,4
2024-25,1610612738,Boston Celtics,11,6,5
2024-25,1610612739,Cleveland Cavaliers,9,5,4
2024-25,1610612743,Denver Nuggets,14,7,7
2024-25,1610612765,Detroit Pistons,6,2,4
2024-25,1610612744,Golden State Warriors,12,5,7
2024-25,1610612745,Houston Rockets,7,3,4
2024-25,1610612754,Indiana Pacers,23,15,8
2024-25,1610612746,LA Clippers,7,3,4
2024-25,1610612747,Los Angeles Lakers,5,1,4
2024-25,1610612763,Memphis Grizzlies,4,0,4
2024-25,1610612748,Miami Heat,4,0,4
2024-25,1610612749,Milwaukee Bucks,5,1,4
2024-25,1610612750,Minnesota Timberwolves,15,9,6
2024-25,1610612752,New York Knicks,18,10,8
2024-25,1610612760,Oklahoma City Thunder,23,16,7
2024-25,1610612753,Orlando Magic,5,1,4
2025-26,1610612737,Atlanta Hawks,6,2,4
2025-26,1610612738,Boston Celtics,7,3,4
2025-26,1610612739,Cleveland Cavaliers,18,8,10
2025-26,1610612743,Denver Nuggets,6,2,4
2025-26,1610612765,Detroit Pistons,14,7,7
2025-26,1610612745,Houston Rockets,6,2,4
2025-26,1610612747,Los Angeles Lakers,10,4,6
2025-26,1610612750,Minnesota Timberwolves,12,6,6
2025-26,1610612752,New York Knicks,19,16,3
2025-26,1610612760,Oklahoma City Thunder,15,11,4
2025-26,1610612753,Orlando Magic,7,3,4
2025-26,1610612755,Philadelphia 76ers,11,4,7
2025-26,1610612756,Phoenix Suns,4,0,4
2025-26,1610612757,Portland Trail Blazers,5,1,4
2025-26,1610612759,San Antonio Spurs,23,13,10
2025-26,1610612761,Toronto Raptors,7,3,4
